"POP_SIZE","DISPERSAL_SIGMA","P_D","YEAR_SHAPE","id","run","slope","slope_patches","init_indivs","init_patches","num_gens","num_individuals","num_juveniles","num_patches","num_hops_mean","num_hops_sd","prop_dispersers","distance_mean","distance_sd","children_mean","children_sd"
40,0.2,0.5,1,"run000001","sim_runs/run000001/sim_2860352394133.log",-28.8994371482176,-0.937429643527204,3880,103,40,1948,5384,30,7.27375,14.3701,0,0.0795778,0.131663,4.95993,4.19444
320,0.2,0.5,1,"run000002","sim_runs/run000002/sim_2091682513587.log",102.385178236398,2.37401500938086,31040,126,40,29963,66740,182,7.70152,15.0882,0,0.0812063,0.132242,5.01296,4.24077
40,2,0.5,1,"run000003","sim_runs/run000003/sim_1873090608798.log",201.830300187617,3.72251407129456,3880,117,40,10906,24311,187,6.76424,15.5855,0,0.725092,1.4616,4.70505,4.30587
320,2,0.5,1,"run000004","sim_runs/run000004/sim_3808531460441.log",3974.19146341463,7.77673545966228,31040,531,40,178205,443493,796,7.89674,16.2801,0,0.831033,1.49102,4.99547,4.24245
40,0.2,0.015625,1,"run000005","sim_runs/run000005/sim_4280230706815.log",-69.4085365853659,-1.40065666041276,3880,107,40,935,2173,15,0.117773,1.85574,0,0.000995945,0.0135059,4.87767,3.90759
320,0.2,0.015625,1,"run000006","sim_runs/run000006/sim_2622511251822.log",-98.4056285178237,-0.0881801125703559,31040,130,40,19847,62375,96,0.234808,3.02967,0,0.00251099,0.0281888,4.98521,4.23943
40,2,0.015625,1,"run000007","sim_runs/run000007/sim_3877381905199.log",-26.6791744840525,-0.913789868667917,3880,107,40,2728,8163,38,0.502384,4.57215,0,0.0589707,0.476564,4.87053,4.36713
320,2,0.015625,1,"run000008","sim_runs/run000008/sim_2364013174837.log",3682.62101313321,23.2163227016885,31040,530,40,149364,387503,1096,0.179335,2.70248,0,0.0198788,0.273473,5.0158,4.23151
40,0.2,0.5,2,"run000009","sim_runs/run000009/sim_1867650586490.log",-33.5212945590994,-0.836303939962476,3880,104,40,924,2115,18,7.67714,13.711,0,0.0833515,0.12493,4.75816,4.22255
320,0.2,0.5,2,"run000010","sim_runs/run000010/sim_1912270768075.log",140.512851782364,2.67936210131332,31040,143,40,21613,51043,213,8.10568,15.3171,0,0.0858141,0.139107,4.92076,4.16982
40,2,0.5,2,"run000011","sim_runs/run000011/sim_1895661087510.log",101.6,2.05196998123827,3880,122,40,6828,16026,117,8.67643,17.5656,0,0.92867,1.62382,4.60253,4.26084
320,2,0.5,2,"run000012","sim_runs/run000012/sim_3896342033602.log",3121.50168855535,5.7328330206379,31040,570,40,149370,368666,670,8.66824,16.9093,0,0.909978,1.53282,4.97673,4.23028
40,0.2,0.015625,2,"run000013","sim_runs/run000013/sim_4179289978961.log",-34.1364915572233,-0.928142589118198,3880,108,40,590,987,14,0.256367,3.21145,0,0.00186559,0.0212938,4.41611,4.31251
320,0.2,0.015625,2,"run000014","sim_runs/run000014/sim_2092182994551.log",-95.096904315197,-0.0669793621013131,31040,119,40,10876,21510,92,0.203218,2.70156,0,0.00230921,0.0278263,4.93179,4.20382
40,2,0.015625,2,"run000015","sim_runs/run000015/sim_1673471010295.log",-25.7181988742964,-0.722138836772983,3880,113,40,1340,3700,32,0.259895,2.88255,0,0.0312595,0.325997,4.96978,4.15878
320,2,0.015625,2,"run000016","sim_runs/run000016/sim_1924390829023.log",1722.87889305816,19.9209193245779,31040,536,40,79065,196270,942,0.208995,2.99123,0,0.0233777,0.30122,4.99949,4.21623
92.2551042027771,1.59018863905221,0.233495566135389,1.116705003893,"run000017","sim_runs/run000017/sim_2364183174906.log",836.627016885554,7.65759849906191,8949,267,40,38895,90413,432,2.79346,10.6653,0,0.238751,0.819671,4.90163,4.26454
93.4330532886088,1.69355086800642,0.0241133675044694,1.78757845773362,"run000018","sim_runs/run000018/sim_3036633248132.log",192.915103189493,1.52016885553471,9064,282,40,11557,33418,161,0.44981,4.69878,0,0.0415164,0.390442,4.90647,4.18358
91.5317907650024,1.45315149761736,0.245774397055357,1.80047250702046,"run000019","sim_runs/run000019/sim_2712371675148.log",567.668198874296,6.27711069418386,8879,257,40,27143,68189,354,3.69479,12.2184,0,0.287526,0.857039,4.96462,4.34231
225.399589175358,0.413895202055574,0.0450420993984153,1.94142678333446,"run000020","sim_runs/run000020/sim_4221430282774.log",85.9893058161352,0.684333958724203,21864,168,40,17869,38133,126,0.457858,4.36994,0,0.0104501,0.0884675,5.00729,4.21507
220.023990571499,1.38662358280271,0.445862906828552,1.82125873328187,"run000021","sim_runs/run000021/sim_2375139797617.log",1794.7330206379,6.18949343339587,21343,365,40,91547,222292,524,7.09922,15.5758,0,0.52324,1.01048,4.97047,4.24637
252.099674381316,0.832314707990736,0.310858451513923,1.96160705131479,"run000022","sim_runs/run000022/sim_2577530407274.log",1802.78686679174,12.1338649155722,24454,260,40,78706,200778,621,4.41037,12.7845,0,0.194907,0.507214,5.00887,4.23677
132.776336707175,1.07280190270394,0.101703168227687,1.66383069846779,"run000023","sim_runs/run000023/sim_4163599898426.log",843.401125703565,8.41763602251407,12880,244,40,38289,87961,417,1.09413,6.85612,0,0.0626153,0.355546,5.01031,4.21737
182.001370750368,0.709664209000766,0.0392608400252357,1.64571559196338,"run000024","sim_runs/run000024/sim_2079390101378.log",509.702626641651,3.94784240150094,17655,218,40,29470,73170,264,0.405613,4.16507,0,0.0155818,0.149854,4.98365,4.19482
137.57604922168,0.233500757487491,0.387911024507048,1.71716027520597,"run000025","sim_runs/run000025/sim_3832281613004.log",43.6605065666041,0.681801125703565,13345,126,40,9362,20450,112,5.54674,13.1008,0,0.0671773,0.135486,4.9206,4.18751
304.006753079593,1.46924166171812,0.384246544323105,1.59051211131737,"run000026","sim_runs/run000026/sim_4187830040121.log",2832.62317073171,9.90422138836773,29489,421,40,141798,358040,799,5.85642,14.423,0,0.45758,0.98922,4.9734,4.23483
217.228737240657,0.596345958812162,0.347879545672185,1.51859816978686,"run000027","sim_runs/run000027/sim_4105509407439.log",1623.14512195122,12.7599437148218,21072,196,40,70876,174935,588,4.35754,12.3957,0,0.134213,0.341442,5.01318,4.24634
239.566562576219,0.843361266795546,0.303381777412142,1.83658390096389,"run000028","sim_runs/run000028/sim_4157059797409.log",1738.84493433396,11.9269230769231,23238,255,40,77992,209450,655,4.34845,12.6996,0,0.194624,0.510375,5.01725,4.26524
63.6452540569007,1.93487824751064,0.330657145746954,1.73249523155391,"run000029","sim_runs/run000029/sim_4272530646601.log",338.936491557223,4.49737335834897,6174,216,40,17644,45167,263,5.09278,13.927,0,0.531083,1.2913,4.88239,4.23012
67.0085659343749,0.321442860364914,0.0971772149641765,1.4068686531391,"run000030","sim_runs/run000030/sim_4024472874362.log",-42.7019699812382,-0.725422138836772,6500,129,40,2895,7650,36,1.31652,7.3991,0,0.0200802,0.105246,4.98209,4.14218
224.792424533516,1.36233068499714,0.167937807589624,1.26083078258671,"run000031","sim_runs/run000031/sim_3009723114610.log",2425.56641651032,15.1037523452158,21805,338,40,109189,265978,781,1.9763,8.89077,0,0.144584,0.589487,5.0142,4.24231
124.950757976621,1.13732358762063,0.442133303367882,1.96144961402752,"run000032","sim_runs/run000032/sim_1750789979656.log",775.170168855535,5.41378986866792,12121,261,40,38944,94218,357,6.98462,15.6476,0,0.423991,0.832839,4.95428,4.28665
156.927950596437,1.13886253270321,0.294993082861765,1.99097844935022,"run000033","sim_runs/run000033/sim_4105619407528.log",1122.67166979362,8.16341463414634,15223,285,40,53140,128305,435,4.23676,12.6952,0,0.256122,0.685265,4.98359,4.26514
120.303182909265,1.23766961093061,0.424813124132925,1.25707657961175,"run000034","sim_runs/run000034/sim_4331529358901.log",1035.68714821764,7.21500938086304,11670,256,40,46327,113751,430,6.35397,14.9981,0,0.414149,0.867081,4.9355,4.28281
117.134728720412,0.426936074206606,0.475655264377565,1.24158418271691,"run000035","sim_runs/run000035/sim_1768850100950.log",547.479549718574,6.49315196998124,11363,164,40,26320,62148,312,5.97986,13.5706,0,0.131271,0.257455,4.99101,4.20582
267.870365241542,0.599139078427106,0.499667676860554,1.23035106272437,"run000036","sim_runs/run000036/sim_2150192934032.log",2368.07279549719,13.7482176360225,25984,203,40,98912,245112,652,6.81428,14.7903,0,0.214215,0.412455,4.99917,4.24968
260.605228608474,0.37573371832259,0.032674098139978,1.28716318728402,"run000037","sim_runs/run000037/sim_4239110404314.log",115.936397748593,0.957410881801127,25279,170,40,23926,56292,143,0.370825,3.76168,0,0.00710861,0.0659971,4.98512,4.17173
168.36226766929,1.44590758699924,0.0593925283101271,1.30870678042993,"run000038","sim_runs/run000038/sim_1885121038046.log",1526.61538461538,11.0992495309569,16332,343,40,66132,164473,551,0.6459,5.21444,0,0.0512781,0.378742,5.01404,4.25618
160.636458555236,1.09354488137178,0.331912913341512,1.70347787556238,"run000039","sim_runs/run000039/sim_1682359736359.log",1221.26257035647,8.6812382739212,15582,270,40,57179,146008,496,4.7005,13.3196,0,0.270112,0.683515,4.98644,4.26868
248.662485294044,0.788831412279978,0.308442896046472,1.58166100177914,"run000040","sim_runs/run000040/sim_3040143263506.log",2108.02101313321,13.8885553470919,24121,236,40,90931,232143,715,4.00285,12.1292,0,0.168228,0.460674,4.9868,4.26149
109.57561885938,1.28641404286027,0.100285404776514,1.79811917967163,"run000041","sim_runs/run000041/sim_4105459407413.log",565.052720450281,6.28292682926829,10629,254,40,27778,70273,347,1.13184,6.9898,0,0.0788926,0.437069,4.99666,4.27183
309.329799031839,0.26938689481467,0.377865070622647,1.34449951956049,"run000042","sim_runs/run000042/sim_1910891191118.log",598.091463414634,5.31069418386491,30005,147,40,47108,102306,311,5.26387,12.9058,0,0.072827,0.151134,5.03871,4.22029
227.579094739631,0.72013488789089,0.419234091001272,1.99586667167023,"run000043","sim_runs/run000043/sim_4272570646632.log",1610.20909943715,11.027861163227,22076,222,40,67907,173587,556,6.3323,14.6728,0,0.24477,0.50947,4.98928,4.24124
310.61282643117,1.82918086433783,0.451765756079112,1.75537290098146,"run000044","sim_runs/run000044/sim_1955772454217.log",3257.68583489681,7.66238273921201,30130,487,40,150546,380654,697,7.58835,15.975,0,0.734937,1.3496,4.98535,4.22644
142.787926960737,0.444791307440028,0.0498190406688082,1.40472898283042,"run000045","sim_runs/run000045/sim_2126432781108.log",142.974859287054,0.778611632270169,13851,163,40,15663,43114,124,0.500447,4.30667,0,0.0122304,0.098873,5.01851,4.2009
269.315627375618,0.820257370453328,0.353404766643507,1.25646786834113,"run000046","sim_runs/run000046/sim_2261560768247.log",2499.22232645403,14.1179174484053,26124,254,40,117760,283729,755,4.33344,12.414,0,0.18771,0.486042,4.99035,4.22592
310.09599654004,0.368667125189677,0.35303732272223,1.74266031524166,"run000047","sim_runs/run000047/sim_4182569995305.log",1502.8074108818,14.2800187617261,30080,163,40,72073,167913,647,4.67534,12.4783,0,0.0890227,0.204016,4.96087,4.21625
124.914805637673,0.419392246101052,0.0910183127634809,1.44040263164788,"run000048","sim_runs/run000048/sim_4285510734171.log",76.9001876172608,0.474953095684803,12117,152,40,9984,24413,108,0.937894,6.01061,0,0.0202389,0.116659,4.92346,4.18721
169.167871354148,0.296723610349,0.0736749172974669,1.27680574473925,"run000049","sim_runs/run000049/sim_2131102814164.log",-29.4156660412758,0.0355534709193242,16410,138,40,12357,31031,96,0.849061,5.41616,0,0.0127857,0.0695253,4.94873,4.15818
206.176216537133,1.05155228073709,0.0279671791940928,1.7204766550567,"run000050","sim_runs/run000050/sim_3958412454195.log",746.383677298311,6.80440900562852,20000,300,40,37826,89175,368,0.342631,4.08274,0,0.0194513,0.207103,4.94743,4.21667
193.883633539081,0.886000750446692,0.361192118303734,1.14782596519217,"run000051","sim_runs/run000051/sim_1992261793346.log",1725.47138836773,11.2137898686679,18807,253,40,80248,199980,608,4.52547,12.7705,0,0.214128,0.544595,5.0126,4.25834
219.174224650487,1.72895362684503,0.486543828992581,1.78398358519189,"run000052","sim_runs/run000052/sim_1902201130990.log",1994.97476547842,5.42664165103189,21260,411,40,95343,232106,493,8.35978,16.6531,0,0.763115,1.31748,4.99373,4.26509
217.183728544042,0.580355465179309,0.166015230308403,1.56050522672012,"run000053","sim_runs/run000053/sim_2140542874403.log",1369.69390243902,11.5719512195122,21067,208,40,57959,149631,533,1.84874,8.34951,0,0.0560021,0.233176,4.96157,4.23777
268.600190961733,1.29261474935338,0.0428948454027704,1.06969435326755,"run000054","sim_runs/run000054/sim_4120139506853.log",2861.95731707317,19.6898686679174,26055,342,40,114711,287914,921,0.471336,4.55992,0,0.0330636,0.292676,5.00185,4.22852
183.239546567202,0.352953032357618,0.14442147884256,1.79307706234977,"run000055","sim_runs/run000055/sim_3046643293694.log",146.083020637899,1.98236397748593,17775,143,40,17453,39479,172,1.70576,7.70615,0,0.0309289,0.127213,5.0417,4.20912
292.253629099578,0.406926898052916,0.0855362670190516,1.71528039174154,"run000056","sim_runs/run000056/sim_2847152333624.log",509.760600375235,4.87983114446529,28349,166,40,40782,95212,294,0.927957,5.92284,0,0.0192134,0.109295,4.96491,4.20097
134.423737693578,1.56976393717341,0.343058254034986,1.04118006955832,"run000057","sim_runs/run000057/sim_4344939446894.log",1361.86454033771,7.37457786116322,13040,316,40,65563,178703,510,4.81706,13.4858,0,0.407085,1.01376,4.99401,4.25327
135.369132980704,1.4159424378071,0.439846969871724,1.86411303677596,"run000058","sim_runs/run000058/sim_4236200404189.log",1026.25,5.51144465290807,13131,307,40,49914,122137,385,7.39312,16.0359,0,0.554137,1.05135,4.94172,4.26122
48.2981425989419,1.96930749984458,0.37931106596443,1.24066172703169,"run000059","sim_runs/run000059/sim_3869381852805.log",243.267354596623,3.38536585365854,4685,162,40,13435,36092,236,5.59536,14.6531,0,0.581896,1.34701,4.88059,4.31395
101.149236196652,1.02594986981712,0.285661688027176,1.90611360268667,"run000060","sim_runs/run000060/sim_4180269978933.log",654.94052532833,7.52720450281426,9812,224,40,27493,68232,360,4.02677,12.5828,0,0.219799,0.618865,5.0029,4.26717
82.0489416085184,1.88116559083574,0.424256626363785,1.3326704504434,"run000061","sim_runs/run000061/sim_4212840222239.log",648.883489681051,5.49399624765479,7959,271,40,32168,76683,344,6.76777,15.4372,0,0.673861,1.35067,4.95736,4.31565
230.651729982346,1.67050931709819,0.314922498440865,1.33081103814766,"run000062","sim_runs/run000062/sim_2375149797600.log",2589.99287054409,8.92926829268293,22374,427,40,121938,294320,663,4.4055,12.7882,0,0.391188,1.0129,4.96303,4.24158
128.339529121295,1.63557475460693,0.0704234036093112,1.51176279201172,"run000063","sim_runs/run000063/sim_1895591087451.log",919.989587242026,8.15168855534709,12449,322,40,39948,96137,408,0.832553,5.91994,0,0.0750135,0.486766,4.9655,4.23593
80.1143325585872,1.0505135843996,0.417645981433452,1.0643600623589,"run000064","sim_runs/run000064/sim_2622451251789.log",616.975515947467,6.9703564727955,7772,193,40,27479,71208,366,5.55059,14.4604,0,0.309842,0.718766,4.94037,4.30421
271.298338184133,0.803723266394809,0.0956574626761721,1.61438839999028,"run000065","sim_runs/run000065/sim_4120079506820.log",2224.03583489681,18.0929643527205,26316,265,40,93282,236045,791,0.981936,6.46954,0,0.0418486,0.250823,4.99614,4.22009
294.381025908515,1.57273385878652,0.445633970626659,1.26969580166042,"run000066","sim_runs/run000066/sim_2646661372793.log",3050.60881801126,9.0890243902439,28555,440,40,148956,365351,750,6.85514,15.3643,0,0.571096,1.12437,4.99817,4.21866
120.684206159785,1.01196660688147,0.261491028180899,1.46429677912965,"run000067","sim_runs/run000067/sim_4272600646659.log",929.188273921201,9.12786116322701,11707,231,40,42416,108273,437,3.10654,10.9383,0,0.16891,0.535004,5.02917,4.30001
55.4621330741793,1.33083568760194,0.238106830383913,1.35160178900696,"run000068","sim_runs/run000068/sim_3821701551955.log",305.728142589118,4.83273921200751,5380,183,40,15155,38466,268,2.45387,10.0878,0,0.174893,0.660608,5.01186,4.33942
61.7410398740321,0.738088452164084,0.451226930406847,1.20487099117599,"run000069","sim_runs/run000069/sim_2845270282805.log",284.605347091933,4.51266416510319,5989,163,40,15257,35146,240,4.83384,13.0428,0,0.186507,0.453591,5.02409,4.27795
171.416342845187,0.828688296023756,0.421387529029744,1.62859108159319,"run000070","sim_runs/run000070/sim_2048522214394.log",1242.83189493433,9.29868667917449,16628,214,40,56233,139783,486,6.10202,14.6029,0,0.267971,0.571357,4.9894,4.25761
308.226996390149,1.7322263463866,0.291433096863329,1.19285777234472,"run000071","sim_runs/run000071/sim_1697301146065.log",3530.85121951219,14.9456848030019,29899,481,40,169329,434980,989,4.18305,12.5145,0,0.38663,1.03082,5.00055,4.24695
59.695195266977,1.28263229788281,0.304038944635977,1.20520623540506,"run000072","sim_runs/run000072/sim_2864622408174.log",340.041369606004,5.21350844277674,5791,173,40,18923,44472,297,3.41312,11.8204,0,0.232805,0.723199,4.92029,4.27933
158.810335369781,1.48488135468215,0.451552520400583,1.1605194862932,"run000073","sim_runs/run000073/sim_2152952945950.log",1499.09118198874,6.20863039399625,15405,332,40,75344,184024,495,6.8295,15.2604,0,0.541469,1.07225,5.00589,4.29123
229.448655415326,0.729646685440093,0.216618317659595,1.14983592112549,"run000074","sim_runs/run000074/sim_2851480332005.log",2394.6818011257,15.6320825515947,22257,235,40,107389,253366,702,2.15449,9.07787,0,0.0820951,0.31327,4.97391,4.21845
60.2865183725953,1.36972422515973,0.282860475886991,1.88388698222116,"run000075","sim_runs/run000075/sim_2975252960998.log",296.17138836773,5.39812382739212,5848,204,40,12833,32465,255,3.81889,12.1775,0,0.276727,0.793152,4.90964,4.2715
267.255071802065,1.38293401068076,0.361996758932946,1.75724573386833,"run000076","sim_runs/run000076/sim_4120169506877.log",2251.3181988743,8.83602251407129,25924,379,40,109693,275870,656,5.85114,14.417,0,0.43173,0.939453,4.98586,4.24287
271.373468004167,1.67918545021676,0.0280048886670556,1.4002844276838,"run000077","sim_runs/run000077/sim_1888391057106.log",2393.92410881801,20.5530018761726,26324,474,40,99898,229978,943,0.313193,3.60753,0,0.0287164,0.30104,5.00208,4.23132
58.3111462276429,1.67509938976727,0.304564972109802,1.71174415526912,"run000078","sim_runs/run000078/sim_1992271793346.log",310.325422138837,5.06388367729831,5657,199,40,13720,33165,242,4.34142,13.0306,0,0.392293,1.06906,4.84727,4.28132
158.383660428226,0.785729796299711,0.155741504873731,1.35663771536201,"run000079","sim_runs/run000079/sim_4198250106857.log",1301.36294559099,11.0172607879925,15364,213,40,52962,136042,490,1.60769,7.94781,0,0.0674369,0.307888,4.95744,4.202
268.047787565738,1.23593505402096,0.483439430528961,1.91933833737858,"run000080","sim_runs/run000080/sim_2996243054484.log",2073.23583489681,7.05900562851782,26001,357,40,102834,252791,586,8.03927,16.471,0,0.526732,0.940397,4.9869,4.25177
151.129355933517,1.35478427736089,0.493018147542898,1.8110784215387,"run000081","sim_runs/run000081/sim_1935090889632.log",1211.75628517824,6.16941838649156,14660,302,40,56694,138785,420,8.3516,16.7745,0,0.599844,1.04422,4.97732,4.28818
207.529975343496,0.220076051168144,0.40119471057551,1.50402713217773,"run000082","sim_runs/run000082/sim_4105549407457.log",2.75112570356476,0.886116322701689,20131,126,40,11505,27863,129,6.2141,13.9524,0,0.0720244,0.139354,5.03397,4.30046
61.4002962503582,0.765303519880399,0.260447009633936,1.19786357763223,"run000083","sim_runs/run000083/sim_2683351551941.log",277.939962476548,3.93067542213884,5956,153,40,14188,32160,203,2.48403,10.0466,0,0.101538,0.379774,4.88457,4.17772
286.349788056687,1.70215589995496,0.22091284324415,1.03312172973529,"run000084","sim_runs/run000084/sim_4033432933978.log",3730.208630394,17.8832082551595,27776,468,40,170835,444438,1042,2.7609,10.3758,0,0.252093,0.847488,4.98567,4.23212
262.809323836118,0.609419791959226,0.282126477068232,1.94011945975944,"run000085","sim_runs/run000085/sim_1975531673189.log",1905.30028142589,15.9258911819887,25493,219,40,79896,191065,667,3.49181,11.3059,0,0.111912,0.325229,4.98773,4.25317
231.924235103652,1.45480552790686,0.287871391799854,1.16292062960565,"run000086","sim_runs/run000086/sim_2996213054461.log",2575.14971857411,11.4497185741088,22497,360,40,118651,306737,710,3.8396,12.118,0,0.298374,0.839033,4.99706,4.23945
247.800891287625,0.409635345777497,0.436370117353363,1.53661559801549,"run000087","sim_runs/run000087/sim_4105329407394.log",1582.52476547842,13.053564727955,24037,165,40,73144,169509,564,5.71573,13.4063,0,0.120595,0.246689,4.99062,4.23965
193.978481637314,0.450028402265161,0.344364846994722,1.37599252280779,"run000088","sim_runs/run000088/sim_1656600950174.log",1327.25506566604,11.456191369606,18816,171,40,59576,145851,515,4.14822,11.915,0,0.0942494,0.238356,5.01758,4.29018
140.911957593635,1.51677046036348,0.0522427418181906,1.6469187811017,"run000089","sim_runs/run000089/sim_2894842559465.log",937.145403377111,8.14971857410882,13669,325,40,41336,108368,416,0.660723,5.47652,0,0.0553214,0.409284,5.02134,4.27475
174.017582666129,1.06703685778193,0.317505122828152,1.11698353290558,"run000090","sim_runs/run000090/sim_2847232333712.log",1810.07148217636,10.3193245778612,16880,276,40,77534,198396,571,4.13191,12.5985,0,0.23499,0.642039,4.94248,4.20956
234.94947344996,0.866113545652479,0.104095374725148,1.73013194557279,"run000091","sim_runs/run000091/sim_2363983174815.log",2073.13020637899,17.6440900562852,22791,275,40,82811,190157,774,1.12524,6.80039,0,0.0519281,0.285147,4.96759,4.25037
172.98610996455,1.15744274524041,0.266359201472369,1.98161153355613,"run000092","sim_runs/run000092/sim_2797082093752.log",1243.41632270169,8.80956848030019,16780,281,40,57970,142049,482,3.73783,11.8987,0,0.233963,0.665195,5.01143,4.25577
45.1565929315984,0.733658233704045,0.13777271584695,1.56048700097017,"run000093","sim_runs/run000093/sim_1890761070563.log",54.165478424015,0.580487804878049,4381,128,40,4071,10786,82,1.65676,8.56863,0,0.0696041,0.345748,4.95452,4.2405
294.768898487091,1.7807408945635,0.347487338327483,1.16894564311951,"run000094","sim_runs/run000094/sim_3835111629986.log",3512.43058161351,11.0279549718574,28593,499,40,173498,421725,859,4.81167,13.3027,0,0.45618,1.1178,4.99417,4.23807
79.8398369178176,1.12189320796169,0.245845836765511,1.8490322844591,"run000095","sim_runs/run000095/sim_4163709898475.log",416.106285178236,5.97213883677298,7745,221,40,20610,48508,316,2.79067,10.5334,0,0.168537,0.574888,4.96372,4.32144
214.699494997039,0.220800722017884,0.465990025262727,1.28148142201826,"run000096","sim_runs/run000096/sim_1700059858162.log",66.9552532833021,1.66538461538461,20826,131,40,18216,44683,156,7.22816,14.7978,0,0.083096,0.143199,5.00902,4.16599
241.303841769695,1.45518480483443,0.15577422586648,1.51301348698325,"run000097","sim_runs/run000097/sim_3948602394192.log",2325.28808630394,15.5946529080675,23407,377,40,106621,262250,871,2.05067,9.09913,0,0.15753,0.628777,4.99571,4.24102
44.7756600379944,1.05643928693607,0.055663095707132,1.99958269391209,"run000098","sim_runs/run000098/sim_1986460608767.log",-5.72326454033771,-0.291932457786116,4344,148,40,2498,5629,51,0.812575,5.96196,0,0.0511265,0.360756,4.99689,4.31183
161.175031084567,1.37244207193144,0.299000260911271,1.73239341774024,"run000099","sim_runs/run000099/sim_1986450608767.log",1265.75675422139,6.75966228893058,15634,315,40,61011,154333,479,4.52049,13.195,0,0.332192,0.858002,4.96671,4.27118
176.611866503954,1.15350485588424,0.248038611531229,1.75244596973062,"run000100","sim_runs/run000100/sim_2737081793306.log",1400.01088180113,9.35075046904315,17132,287,40,62496,162622,519,3.40522,11.4185,0,0.210171,0.632507,4.94999,4.2423
309.132555034012,1.25101197888143,0.189449507561221,1.21319197211415,"run000101","sim_runs/run000101/sim_4248280479587.log",3588.65243902439,23.0740150093809,29986,360,40,160590,405964,1158,2.2811,9.45594,0,0.154046,0.574708,5.01862,4.23051
316.856486080214,1.94842984243296,0.233158070801437,1.76070616696961,"run000102","sim_runs/run000102/sim_4331669358973.log",3117.77636022514,18.412382739212,30736,524,40,148578,368232,1137,3.52678,11.7025,0,0.366184,1.06918,4.95542,4.21895
136.889021648094,1.87919519441202,0.485442658722604,1.91456538601778,"run000103","sim_runs/run000103/sim_2566471010282.log",1111.38470919325,3.46303939962476,13279,352,40,55915,139503,360,8.58908,16.897,0,0.854705,1.44976,5.00208,4.31361
236.992460535839,1.00708077205345,0.211526698956732,1.57108134729788,"run000104","sim_runs/run000104/sim_2140632874499.log",2206.18001876173,15.6534709193246,22989,292,40,89556,230807,736,2.72511,10.3657,0,0.148019,0.502425,4.99393,4.25467
145.005051773041,1.94369245781563,0.33301508270597,1.86514842137694,"run000105","sim_runs/run000105/sim_2364053174861.log",1204.48198874296,5.56613508442777,14066,391,40,59844,148752,437,5.65232,14.3792,0,0.578064,1.29717,4.93373,4.25461
218.888123948127,1.69775226972997,0.188807599788561,1.3170336750336,"run000106","sim_runs/run000106/sim_2167553054425.log",2352.05037523452,13.0829268292683,21233,426,40,109499,290592,777,2.62867,10.2699,0,0.23663,0.825182,4.99883,4.25398
290.333897713572,0.627314266329631,0.161869977266178,1.98200965835713,"run000107","sim_runs/run000107/sim_4005232753687.log",2074.90497185741,19.3074108818011,28163,224,40,88752,212741,801,1.79419,8.27572,0,0.0593039,0.246906,4.97087,4.2159
210.256711859256,0.254678933368996,0.354414167621144,1.00550117134117,"run000108","sim_runs/run000108/sim_2646581372739.log",181.900469043152,1.66857410881801,20395,130,40,22883,55230,172,5.17726,12.806,0,0.0688886,0.147346,5.00068,4.22679
310.824058866128,0.25976335098967,0.0755095351305499,1.35912418621592,"run000109","sim_runs/run000109/sim_1808740222447.log",-6.47213883677296,0.537242026266417,30150,143,40,20351,48803,124,0.992973,5.83333,0,0.0139833,0.0718502,4.98066,4.21606
207.005678685382,1.28539577112533,0.220082044361334,1.46384048857726,"run000110","sim_runs/run000110/sim_2057142274342.log",1795.89287054409,11.0039399624765,20080,316,40,84234,219172,644,2.85402,10.6659,0,0.19738,0.658692,4.9615,4.23703
178.343523489311,1.29505919730291,0.35845362942564,1.08742436952889,"run000111","sim_runs/run000111/sim_1768760100900.log",1758.40412757974,8.45534709193246,17300,315,40,81593,206207,581,4.96878,13.4357,0,0.342703,0.826376,4.93265,4.22019
188.830687683076,0.708346801390871,0.0368136330325797,1.99499226268381,"run000112","sim_runs/run000112/sim_2363903174789.log",320.639587242026,3.47082551594747,18317,216,40,22389,56889,241,0.441576,4.21481,0,0.017352,0.154798,5.07711,4.25706
60.2553556673229,0.860211410094053,0.405753273520531,1.15293833473697,"run000113","sim_runs/run000113/sim_4237090407251.log",315.953939962476,4.6375234521576,5845,161,40,15347,35986,246,4.38968,12.5637,0,0.202583,0.529257,4.98352,4.29131
276.881524305791,1.51784664182924,0.0564098145696335,1.04406915674917,"run000114","sim_runs/run000114/sim_1945821447062.log",3713.01763602252,23.4898686679174,26858,418,40,143145,375020,1074,0.571956,4.81516,0,0.0480911,0.369281,4.97836,4.20716
268.282138202339,0.466963249724358,0.241163313701691,1.22996297990903,"run000115","sim_runs/run000115/sim_3851281733106.log",2355.01163227017,15.9808630393996,26024,195,40,101135,225591,700,2.58557,9.4917,0,0.0616555,0.201222,4.99416,4.21031
245.038470961154,0.841296338010579,0.279183211714553,1.664557590615,"run000116","sim_runs/run000116/sim_2178300282820.log",2032.79859287054,13.7735459662289,23769,251,40,87783,226725,679,3.63544,11.7736,0,0.16209,0.473932,4.97974,4.24219
165.233474038541,1.1930603498593,0.188011200025358,1.03894837922417,"run000117","sim_runs/run000117/sim_1959221551897.log",2037.25797373358,12.3673545966229,16028,284,40,84739,205916,605,2.06153,9.12716,0,0.129702,0.522679,4.96842,4.21702
164.779783682898,1.7549243608024,0.0787619839684339,1.88743300270289,"run000118","sim_runs/run000118/sim_2737091793306.log",1203.90600375235,10.7005628517824,15984,397,40,53265,131585,518,0.998723,6.54424,0,0.0950784,0.553685,4.98079,4.25288
195.665131686255,0.687493607401848,0.141191654493014,1.551340153208,"run000119","sim_runs/run000119/sim_4163819898555.log",1461.26444652908,11.722138836773,18980,204,40,63034,159444,550,1.44792,7.56129,0,0.0522668,0.25095,5.00538,4.25301
58.6320839542896,1.54925561784767,0.287320109306165,1.88623760803603,"run000120","sim_runs/run000120/sim_2184173174391.log",255.637054409006,4.68808630393996,5688,193,40,13073,32624,242,4.13548,13.0583,0,0.347486,0.967113,4.90402,4.31307
187.312660850585,0.814999016188085,0.27121774211264,1.61528238351457,"run000121","sim_runs/run000121/sim_2939882781175.log",1499.3095684803,11.8993433395872,18170,231,40,67235,163229,560,3.32692,11.1215,0,0.14454,0.436621,5.00818,4.24712
184.185694959015,0.730407926114276,0.219699833036429,1.38617465924472,"run000122","sim_runs/run000122/sim_4047283016709.log",1583.85281425891,11.8689493433396,17867,225,40,68542,161258,565,2.40255,9.68984,0,0.0916055,0.336169,4.94232,4.21856
212.453844519332,0.470807683374733,0.472050840722659,1.67981702764519,"run000123","sim_runs/run000123/sim_2665640689150.log",1547.11397748593,12.3524390243902,20609,173,40,61982,159521,539,6.67227,14.6944,0,0.162731,0.315456,5.03372,4.26519
112.692496916279,1.8194698415231,0.0572743062475638,1.13189136632718,"run000124","sim_runs/run000124/sim_1675659687242.log",1090.66763602251,8.8313320825516,10932,322,40,43604,110727,424,0.747357,5.90059,0,0.0727363,0.514714,5.01016,4.26718
109.702093768865,0.349921152135357,0.390025576682092,1.11408818210475,"run000125","sim_runs/run000125/sim_3813421493503.log",217.740150093809,2.1921200750469,10642,152,40,17318,42814,180,4.57412,12.0007,0,0.0839097,0.190756,4.95131,4.20558
71.4469537232071,1.88782348069362,0.476879554687912,1.96573794842698,"run000126","sim_runs/run000126/sim_1760130047187.log",467.88564727955,3.60600375234522,6931,251,40,23981,57811,232,8.67794,17.0039,0,0.877014,1.48881,4.89053,4.3308
200.455378238112,1.12166572185233,0.134088660561247,1.74152420810424,"run000127","sim_runs/run000127/sim_2809912154318.log",1688.99953095685,13.6400562851782,19445,282,40,68915,176138,628,1.58368,8.02549,0,0.0943114,0.43661,4.94784,4.21977
112.686831550673,1.61139914267696,0.227527123213804,1.92152294213884,"run000128","sim_runs/run000128/sim_2622441251784.log",752.261350844277,6.587617260788,10931,294,40,37980,92565,406,3.34298,11.3553,0,0.289157,0.87399,4.99137,4.32355
80.9230957366526,0.817859097151086,0.299038478107832,1.64317539427429,"run000129","sim_runs/run000129/sim_1833121852909.log",451.395872420262,6.6531894934334,7850,179,40,21625,50118,294,3.14803,11.006,0,0.138165,0.440856,4.9536,4.27404
207.876575477421,1.30825893669389,0.316131751358625,1.53552231285721,"run000130","sim_runs/run000130/sim_1845811916591.log",1831.66510318949,8.2953095684803,20165,331,40,90200,238174,577,4.45454,13.0024,0,0.308961,0.798481,5.00665,4.2532
182.932461807504,0.414995484426618,0.324438402760279,1.37321071769111,"run000131","sim_runs/run000131/sim_3989132643443.log",835.427485928705,7.39446529080675,17745,157,40,43911,101688,393,3.95265,11.5635,0,0.0838458,0.216945,4.96499,4.25285
186.682308511809,0.205037924041972,0.372503753587807,1.74408883810975,"run000132","sim_runs/run000132/sim_1935321372584.log",-15.6207317073171,0.603189493433397,18109,119,40,10363,23286,121,5.51959,12.9689,0,0.0612183,0.125968,4.99646,4.23615
119.558099191636,1.96746030524373,0.0971360069124785,1.65309323207475,"run000133","sim_runs/run000133/sim_2809942154348.log",807.407786116322,7.74155722326454,11598,348,40,37762,95250,425,1.40868,7.89849,0,0.145629,0.724882,4.95397,4.2598
69.2103112954646,0.387203419068828,0.16639196945107,1.25927341729403,"run000134","sim_runs/run000134/sim_1902171130958.log",7.93714821763602,-0.0818011257035641,6714,130,40,5662,14775,66,1.6029,7.1807,0,0.0334711,0.137119,5.09922,4.2876
247.580140801147,0.659575497917831,0.155707301648363,1.84421157790348,"run000135","sim_runs/run000135/sim_2773061973960.log",1771.94577861163,15.8118198874296,24016,198,40,72378,177359,707,1.72527,8.23322,0,0.060398,0.259256,4.99041,4.23995
306.070396890864,0.330030851485208,0.456486148534168,1.69133726670407,"run000136","sim_runs/run000136/sim_2773921977326.log",1368.39549718574,11.841181988743,29689,157,40,68979,161996,566,6.4072,14.0041,0,0.110389,0.207372,4.99517,4.21625
297.11030988954,1.73044873541221,0.0812730241777899,1.04216754529625,"run000137","sim_runs/run000137/sim_4221460282799.log",4142.44155722326,28.140712945591,28820,478,40,181150,436067,1385,0.854727,5.93101,0,0.0800448,0.500929,4.98246,4.20896
71.0092721227556,1.66201035603881,0.0197575426973344,1.52005655504763,"run000138","sim_runs/run000138/sim_1833131852909.log",101.938930581614,-0.0192307692307682,6888,227,40,8760,22370,106,0.331431,3.96552,0,0.0280252,0.300007,4.96449,4.21099
50.1564509049058,1.23868269091472,0.158497060008813,1.48209224268794,"run000139","sim_runs/run000139/sim_2122262753688.log",158.370450281426,2.75328330206379,4866,164,40,9589,25498,180,1.77441,8.66006,0,0.127649,0.580106,4.95684,4.23182
253.640749203041,0.663876024447382,0.119981819319946,1.20363471098244,"run000140","sim_runs/run000140/sim_2184333174556.log",2488.96069418386,17.5577861163227,24604,197,40,98626,256243,751,1.16258,6.75345,0,0.0410677,0.217967,4.99533,4.24096
56.7015903815627,1.60390457836911,0.369896608699491,1.7475075405091,"run000141","sim_runs/run000141/sim_2197443263441.log",275.040337711069,4.52532833020638,5501,205,40,13486,32962,249,5.666,14.8037,0,0.486777,1.11982,4.91713,4.33949
139.001352321357,0.706208496168256,0.174612997925578,1.14732853625901,"run000142","sim_runs/run000142/sim_2894872559490.log",1255.78424015009,9.96163227016886,13484,219,40,52118,145719,446,1.77384,8.39877,0,0.0648555,0.282572,4.9938,4.22362
124.187458474189,1.20083297458477,0.210063149257621,1.44613770791329,"run000143","sim_runs/run000143/sim_2033342093802.log",1040.20881801126,9.75112570356473,12047,248,40,44486,104961,455,2.52744,9.94809,0,0.162954,0.577179,4.98769,4.25295
279.873840725049,0.9083132840693,0.261713570132997,1.17432524403557,"run000144","sim_runs/run000144/sim_2593001130886.log",3187.11894934334,17.6392120075047,27148,269,40,131553,319888,876,3.01006,10.6611,0,0.144954,0.465997,4.99618,4.2266
215.126629611477,0.6489200911019,0.254881920067419,1.3539020169992,"run000145","sim_runs/run000145/sim_2025132033440.log",1916.07504690432,14.5516885553471,20868,218,40,82980,190601,647,2.78652,10.032,0,0.0948937,0.311011,5.01436,4.23919
97.3400006163865,1.06760800317861,0.0667576075393299,1.8565736382734,"run000146","sim_runs/run000146/sim_1877720416522.log",274.047748592871,3.18386491557223,9442,211,40,14866,37445,216,0.850925,6.21162,0,0.0508295,0.349293,4.94356,4.31439
293.78716237843,1.46421729498543,0.357123879217397,1.11414810712449,"run000147","sim_runs/run000147/sim_3948582394173.log",3209.82617260788,11.9325515947467,28498,401,40,157557,379385,849,4.94889,13.4577,0,0.383502,0.928443,4.97192,4.21873
228.888398464769,0.795046903612092,0.27278405238394,1.4549128068611,"run000148","sim_runs/run000148/sim_4262420586411.log",1882.11144465291,13.0603189493433,22203,249,40,87997,212305,653,3.25783,10.9919,0,0.137171,0.417717,4.95594,4.20464
126.897072484717,0.287056864518672,0.342637857429509,1.24288973212242,"run000149","sim_runs/run000149/sim_4340960828999.log",30.4141651031895,0.900938086303939,12310,119,40,11031,30158,122,4.58432,12.3607,0,0.0675511,0.15505,5.01714,4.31447
45.0452848151326,0.918880701437593,0.1867202661997,1.3878940991126,"run000150","sim_runs/run000150/sim_1673481010302.log",86.640243902439,1.3968105065666,4370,141,40,6541,15854,115,2.06514,9.73985,0,0.106872,0.466586,4.83944,4.15347
303.36477403529,0.311395071120933,0.164585714668647,1.14872986637056,"run000151","sim_runs/run000151/sim_2237790586400.log",475.252626641651,3.42514071294559,29427,148,40,40688,101282,240,1.86944,7.91527,0,0.03058,0.114429,5.06942,4.27201
69.3362143356353,1.7113694538828,0.230179942587711,1.89143473585136,"run000152","sim_runs/run000152/sim_2175483114463.log",339.720168855535,5.3422138836773,6726,234,40,17315,42070,292,3.19349,11.3934,0,0.296646,0.931566,4.87712,4.30364
85.4802024085075,1.19423145763576,0.404941564233013,1.628291858593,"run000153","sim_runs/run000153/sim_3832191612944.log",535.313133208255,5.69474671669794,8292,227,40,25271,59074,315,6.16878,14.907,0,0.392593,0.847694,4.91587,4.29076
191.631399262697,0.726301575591788,0.303709867566795,1.79281423473731,"run000154","sim_runs/run000154/sim_1941841421100.log",1357.64324577861,11.2983114446529,18589,215,40,58106,144025,531,4.06244,12.3489,0,0.155088,0.424809,4.92368,4.19754
161.290881363675,1.74349839389324,0.171422069241089,1.27587340190075,"run000155","sim_runs/run000155/sim_4045873006945.log",1619.91585365854,10.3538461538461,15646,368,40,74352,183947,580,2.15696,9.39655,0,0.201058,0.778877,4.96939,4.23499
239.681233260781,1.65181699157692,0.37303144542966,1.37847030884586,"run000156","sim_runs/run000156/sim_4175949947729.log",2475.25206378987,8.14258911819887,23250,437,40,119394,291195,656,5.65353,14.1584,0,0.496549,1.10268,4.97786,4.22471
291.83185168542,0.530619299039245,0.184990987592755,1.5488743132446,"run000157","sim_runs/run000157/sim_4239150404350.log",2317.9605065666,18.2912757973734,28308,203,40,98561,223622,779,1.97675,8.52365,0,0.0540047,0.20892,5.0367,4.25101
216.045905686915,1.69115972812288,0.228223461504967,1.59302285453305,"run000158","sim_runs/run000158/sim_2670461493775.log",2104.13836772983,10.9498123827392,20957,432,40,100763,238519,672,3.18355,11.1318,0,0.284744,0.886678,4.99255,4.27131
220.371749438345,0.73403547341004,0.403959924864466,1.06523424922489,"run000159","sim_runs/run000159/sim_4262390586387.log",1978.57429643527,11.9067542213884,21377,236,40,92953,226014,643,5.03447,13.2926,0,0.193462,0.457416,4.9835,4.21177
266.674450514838,1.58423802801408,0.352978836617694,1.09115898841992,"run000160","sim_runs/run000160/sim_1914022277905.log",3216.85037523452,10.8137898686679,25868,411,40,145485,363234,783,5.13357,13.807,0,0.430106,1.01745,4.98363,4.23032
147.749411147088,1.42646127198823,0.147994575771008,1.44948955951259,"run000161","sim_runs/run000161/sim_4239180404376.log",1326.52335834897,9.99906191369606,14332,331,40,58149,149765,511,1.97341,9.21577,0,0.147668,0.619186,5.01196,4.26992
186.925073033199,1.27498239092529,0.257444892438798,1.59319604490884,"run000162","sim_runs/run000162/sim_2170590222398.log",1516.8700750469,9.66538461538461,18132,304,40,75495,185338,552,3.50642,11.5852,0,0.237928,0.7053,4.97525,4.26527
44.8494175542146,1.9858836307656,0.33322483739903,1.12559151067398,"run000163","sim_runs/run000163/sim_1885131038030.log",241.195872420263,4.18292682926829,4351,138,40,13453,30729,245,4.1315,13.0232,0,0.440136,1.24786,4.82478,4.37151
230.539209414274,1.75519653921947,0.0497132357850205,1.14419083599932,"run000164","sim_runs/run000164/sim_2932702753698.log",2759.39118198874,18.3239212007505,22363,425,40,116312,283932,866,0.553095,4.87032,0,0.0510642,0.408781,4.96728,4.20788
60.652720676735,0.295863710064441,0.26053010240139,1.85934062628075,"run000165","sim_runs/run000165/sim_4212880222271.log",-24.4777673545966,-0.558255159474671,5884,123,40,2126,5232,38,3.19341,10.7003,0,0.0487402,0.132764,5.06486,4.25662
114.94353627786,0.301292846444994,0.37557090158225,1.53501945128664,"run000166","sim_runs/run000166/sim_4225950316287.log",97.8930581613509,0.85093808630394,11150,137,40,11534,31824,125,4.9935,12.2891,0,0.0760313,0.162869,4.89864,4.14637
216.809872696176,0.726446678489447,0.0856702981545823,1.31206821277738,"run000167","sim_runs/run000167/sim_4213260222191.log",1529.84652908068,11.7909005628518,21031,232,40,65952,166662,554,0.825158,5.76272,0,0.0316273,0.206924,5.00276,4.20531
236.059683924541,1.80702399816364,0.482838131621975,1.05199210881256,"run000168","sim_runs/run000168/sim_4105319407390.log",2712.36416510319,7.06031894934334,22898,451,40,129620,313003,646,7.43907,15.9731,0,0.703195,1.31247,4.97735,4.24272
217.225570250303,0.43876560293138,0.358636069558997,1.34505733149126,"run000169","sim_runs/run000169/sim_2656649247869.log",1454.43433395872,11.8994371482176,21071,179,40,63253,157601,554,4.42084,12.0256,0,0.100782,0.243476,4.98793,4.21348
279.342446094379,0.619063243223354,0.419823666816228,1.3923960167449,"run000170","sim_runs/run000170/sim_1708921202961.log",2438.5169793621,16.1134146341463,27097,207,40,102926,246929,703,5.54667,13.7788,0,0.179244,0.396525,5.00292,4.23965
193.740567183122,0.289264480955899,0.139166148488584,1.3046303789597,"run000171","sim_runs/run000171/sim_4163859898603.log",220.196341463415,0.829549718574109,18793,143,40,22714,46501,126,1.55444,7.02908,0,0.0235174,0.0933225,4.95852,4.19237
57.7991717495024,0.97634773994796,0.493617582578736,1.4274621529039,"run000172","sim_runs/run000172/sim_1658259553010.log",234.497185741088,4.33414634146341,5607,166,40,12455,29344,218,6.69062,15.367,0,0.347783,0.719052,4.91771,4.3032
60.1682145707309,0.710236433986575,0.317567543057521,1.10217092791572,"run000173","sim_runs/run000173/sim_1955782454217.log",271.86669793621,3.56210131332083,5837,160,40,13931,32675,228,3.26971,11.727,0,0.118397,0.38103,4.99694,4.25038
47.5193770043552,1.94765427121893,0.0848518832390255,1.51505199936219,"run000174","sim_runs/run000174/sim_2982852994522.log",170.456754221388,2.57392120075047,4610,152,40,10360,22641,170,1.26344,7.56028,0,0.133707,0.741414,4.9257,4.20056
109.976168330759,1.8763800769113,0.230615679956827,1.35800701566041,"run000175","sim_runs/run000175/sim_4228540332033.log",911.550750469043,7.02410881801126,10668,335,40,45372,111789,446,3.12786,10.9832,0,0.320334,1.02043,4.97991,4.28145
153.763639722019,1.91332983123139,0.291469514471828,1.60434417496435,"run000176","sim_runs/run000176/sim_2209693353828.log",1339.46801125704,6.34699812382739,14916,386,40,68542,167704,471,4.5166,13.1463,0,0.455602,1.17043,4.99766,4.29378
177.595130987465,1.54723913436756,0.245095179718192,1.96047203219496,"run000177","sim_runs/run000177/sim_2261570768247.log",1400.03283302064,8.2249530956848,17227,365,40,65787,168627,523,3.7271,11.8559,0,0.312068,0.88621,4.97168,4.24547
276.990877687931,1.02184338937514,0.252068520643661,1.95133195142262,"run000178","sim_runs/run000178/sim_2008241905272.log",2147.38227016886,15.4063789868668,26869,305,40,99869,259050,801,3.48013,11.5909,0,0.190302,0.563568,5.01233,4.24185
300.525758946314,1.15188465118408,0.102522801927989,1.52035961602814,"run000179","sim_runs/run000179/sim_2131080772649.log",3112.85469043152,24.7739212007505,29152,333,40,123757,320427,1136,1.19017,7.03705,0,0.073918,0.395274,4.99251,4.22828
224.830090459436,0.230902842339128,0.341644466097932,1.38688508723862,"run000180","sim_runs/run000180/sim_3839041653019.log",169.240243902439,1.51322701688555,21809,127,40,18209,55063,157,5.20733,13.0768,0,0.0630661,0.136345,4.92095,4.14569
179.163077995181,0.714186606602743,0.292580046952935,1.91962946625426,"run000181","sim_runs/run000181/sim_2192803233836.log",1233.68977485929,11.1844277673546,17379,213,40,52495,125557,508,3.78862,11.802,0,0.143902,0.40729,4.95616,4.27054
270.034834332764,0.216135650174692,0.164186677302496,1.00076146051288,"run000182","sim_runs/run000182/sim_2375159797603.log",2.35328330206378,0.741463414634147,26194,137,40,22813,61527,134,2.41588,9.38938,0,0.0269452,0.0906913,5.0026,4.22374
56.0241940338165,0.29986457224004,0.176932374506578,1.8916404414922,"run000183","sim_runs/run000183/sim_4014472814288.log",-28.5043151969981,-0.807692307692307,5435,123,40,898,3398,24,2.05909,8.69433,0,0.0314629,0.112011,5.16413,4.36339
157.053711256012,1.39785217391327,0.118538188580715,1.76001182454638,"run000184","sim_runs/run000184/sim_1667561010454.log",1246.96285178236,10.2742026266417,15235,318,40,53353,139638,510,1.53316,8.04448,0,0.113744,0.538959,5.0124,4.25538
114.13700751029,1.25111146075651,0.287747207141365,1.86795118730515,"run000185","sim_runs/run000185/sim_1684229747053.log",714.253095684803,6.95056285178237,11072,265,40,34320,84973,362,4.29025,12.7868,0,0.286995,0.765543,4.94417,4.33466
249.872042285278,0.20041569294408,0.0269323933898704,1.01157330698334,"run000186","sim_runs/run000186/sim_4100343369854.log",-160.346716697936,-0.0918386491557221,24238,132,40,17940,37458,97,0.331958,3.48873,0,0.00357785,0.0327277,4.94495,4.16418
51.1777383740991,1.5779474214185,0.182555987168598,1.42569645866752,"run000187","sim_runs/run000187/sim_2122560829008.log",282.008161350844,4.78574108818011,4965,184,40,12584,31372,228,2.23873,9.92142,0,0.190212,0.768173,4.86614,4.25934
308.8192602247,0.325291489576921,0.0564395603832963,1.55506965680979,"run000188","sim_runs/run000188/sim_4340950828993.log",100.243433395873,0.888367729831145,29956,151,40,23666,59794,140,0.571815,4.6301,0,0.00979604,0.0686177,4.99574,4.21388
196.839886661619,1.35433984412812,0.10789625628604,1.59103860147297,"run000189","sim_runs/run000189/sim_4331599358920.log",1672.7990619137,12.718574108818,19094,333,40,74934,178155,666,1.19305,7.11586,0,0.0859326,0.465379,4.97522,4.23815
206.546055478975,1.85961071965285,0.406092437733605,1.9770289955195,"run000190","sim_runs/run000190/sim_2800532108724.log",1868.10253283302,5.47560975609756,20035,441,40,91957,226906,505,6.95412,15.5801,0,0.681681,1.3301,4.95287,4.23754
54.3363454192877,0.734066788200289,0.0661510181344056,1.09970157081261,"run000191","sim_runs/run000191/sim_4054643067405.log",32.3566604127579,-0.0103189493433392,5271,144,40,6005,13365,79,0.637075,5.52637,0,0.0263368,0.209833,4.93447,4.21723
83.2413496915251,0.26788887521252,0.395370687725517,1.89849412930198,"run000192","sim_runs/run000192/sim_1768750100887.log",-32.6111632270169,-0.240431519699812,8075,119,40,3355,8205,67,5.73703,12.8771,0,0.080461,0.156953,5.00763,4.27142
53.4659717325121,1.76641604267061,0.444784158837138,1.30325780785643,"run000193","sim_runs/run000193/sim_4061523114490.log",263.430393996248,3.58930581613508,5187,169,40,15167,37523,222,6.77291,15.7193,0,0.639336,1.32037,4.87312,4.31032
142.92539190501,0.87859481764026,0.182884037400072,1.49394520418718,"run000194","sim_runs/run000194/sim_3046613293667.log",1105.32767354597,10.0096622889306,13864,226,40,46833,118701,476,2.14787,9.50588,0,0.0976604,0.389802,4.99699,4.22155
127.973409285769,1.5763503247872,0.340837564621324,1.90552734816447,"run000195","sim_runs/run000195/sim_2646631372775.log",914.054502814259,5.41360225140713,12414,318,40,46297,115453,407,5.4498,13.9194,0,0.459317,1.0355,4.94965,4.29526
303.884110059589,0.538759114407003,0.315304314932291,1.07515591825359,"run000196","sim_runs/run000196/sim_2079310101322.log",3403.4179174484,19.9593808630394,29477,192,40,137242,358460,857,3.53235,11.1637,0,0.0979369,0.275984,4.97927,4.22686
249.57273747772,0.400772692263126,0.0665805095559335,1.69971932307817,"run000197","sim_runs/run000197/sim_4212910222302.log",339.458255159475,3.03583489681051,24209,168,40,26291,66073,243,0.737353,5.1438,0,0.015567,0.0969319,5.0761,4.27602
208.709567282349,1.74555727136321,0.0449957093405828,1.79802380106412,"run000198","sim_runs/run000198/sim_4198310106900.log",1597.5839587242,14.1936210131332,20245,419,40,68435,179662,687,0.547038,4.89903,0,0.0512966,0.409043,4.99658,4.25022
149.178041154519,1.35109103731811,0.469978381563124,1.03156202868558,"run000199","sim_runs/run000199/sim_2948842825032.log",1444.03508442777,6.50318949343339,14471,288,40,68922,171434,503,7.1641,15.6331,0,0.516077,0.995068,4.96514,4.25128
272.222103681415,0.845329524157569,0.311670278202655,1.29754581139423,"run000200","sim_runs/run000200/sim_3869351852780.log",2409.33095684803,14.8015009380863,26406,268,40,109678,272188,775,3.86724,11.9837,0,0.172056,0.483444,5.00332,4.25899
117.307154359296,0.962334456387907,0.376782654548151,1.156615634216,"run000201","sim_runs/run000201/sim_4133199614012.log",1053.65046904315,9.48058161350844,11379,218,40,44114,115322,462,4.90996,13.318,0,0.251594,0.616012,4.98765,4.28301
315.741102704778,0.620858109602705,0.0756386032735463,1.62854678439908,"run000202","sim_runs/run000202/sim_1907871172377.log",1978.01754221388,17.8823639774859,30627,227,40,89404,230448,784,0.74266,5.46876,0,0.024407,0.163769,5.00533,4.21645
241.20148524642,0.518134111026302,0.0708073223831889,1.44303284678608,"run000203","sim_runs/run000203/sim_4097163353923.log",955.4095684803,7.090712945591,23397,199,40,45454,123036,376,0.754472,5.41177,0,0.0206084,0.138214,4.98667,4.20942
61.5347457770258,0.70395508017391,0.0986628918035422,1.25415710709058,"run000204","sim_runs/run000204/sim_4105589407490.log",67.6789868667918,0.56454033771107,5969,149,40,6164,16365,84,1.1311,7.4452,0,0.0420131,0.26778,4.92996,4.13901
68.9739130903035,1.50765106412582,0.105585485292977,1.92204025271349,"run000205","sim_runs/run000205/sim_4110969446873.log",201.123452157598,3.16819887429644,6691,224,40,10117,27397,183,1.62653,8.77847,0,0.131458,0.644439,4.85375,4.21442
309.291574275121,1.06087754615583,0.472157406966289,1.3886760068126,"run000206","sim_runs/run000206/sim_1902111130887.log",2854.48846153846,11.924765478424,30002,312,40,129102,323276,761,7.22833,15.6288,0,0.410372,0.781372,4.99461,4.24762
217.22483898513,0.890549866203219,0.317869996102672,1.50964613957331,"run000207","sim_runs/run000207/sim_2192833233860.log",1821.2595684803,11.3681988742964,21071,248,40,81317,210049,609,4.29502,12.612,0,0.202521,0.537825,4.98112,4.23579
269.024811685085,1.14183284156024,0.455392168496473,1.48634459450841,"run000208","sim_runs/run000208/sim_1808640222352.log",2444.00675422139,9.11332082551595,26096,329,40,114908,286484,641,7.03479,15.5714,0,0.425376,0.826773,4.98719,4.25157
165.598281091079,0.850744607439265,0.358062754545244,1.28162931860425,"run000209","sim_runs/run000209/sim_2085152462114.log",1389.56275797373,9.96060037523452,16064,233,40,63632,161466,534,4.56087,12.7787,0,0.206194,0.523475,4.98413,4.22155
135.623484570533,1.65220920052379,0.419724713268806,1.53650215128437,"run000210","sim_runs/run000210/sim_1845841916616.log",1076.46031894934,4.90834896810506,13156,345,40,56416,137372,415,6.68694,15.2601,0,0.590191,1.18701,4.94892,4.24773
313.20234769024,1.3608733842615,0.237540352834912,1.38395455502905,"run000211","sim_runs/run000211/sim_2656639247869.log",3355.78939962476,20.4745778611632,30381,385,40,154908,381388,1119,3.05862,10.7995,0,0.22286,0.710083,4.96315,4.2238
52.7668438944966,1.62151716095395,0.196168630987813,1.35395773523487,"run000212","sim_runs/run000212/sim_2122232753665.log",290.583771106942,4.66163227016886,5119,172,40,13813,35101,238,2.36541,10.0947,0,0.209885,0.823999,4.84988,4.25801
153.982936805114,0.517449504416436,0.208096838839992,1.24136846070178,"run000213","sim_runs/run000213/sim_4008272770808.log",922.035553470919,7.34296435272045,14937,179,40,44303,103249,372,2.0869,8.77309,0,0.0554487,0.211779,4.93412,4.20181
191.930067334324,1.67805457096547,0.286817025931668,1.87292308942415,"run000214","sim_runs/run000214/sim_1890572159562.log",1619.86210131332,8.07317073170732,18618,386,40,79476,197289,524,4.38695,12.8228,0,0.391578,1.0108,4.99687,4.28997
171.044417219236,1.45305104721338,0.478917380376515,1.52409361256287,"run000215","sim_runs/run000215/sim_1914032277905.log",1404.52570356473,5.08555347091933,16592,343,40,71501,173911,465,8.07817,16.5219,0,0.618925,1.11543,5.02386,4.29453
137.29294157587,0.869149667117745,0.359706749008183,1.19875536602922,"run000216","sim_runs/run000216/sim_1700049858144.log",1268.49315196998,9.74559099437148,13318,214,40,57101,134268,494,4.2849,12.5364,0,0.195254,0.517085,4.96434,4.24356
112.183214500546,1.82200637473725,0.202172058343422,1.97826637886465,"run000217","sim_runs/run000217/sim_2722989800947.log",704.790712945591,6.53095684803002,10882,304,40,34629,82599,388,3.00064,10.6354,0,0.296802,0.945863,4.9551,4.32269
40.1291771419346,1.80718973102048,0.494725303859013,1.25879271514714,"run000218","sim_runs/run000218/sim_1709741206012.log",150.811350844278,3.15,3893,124,40,8824,20689,170,6.94968,15.5778,0,0.691527,1.3736,4.83727,4.27486
214.796489104629,0.318632823135704,0.405901891052054,1.92826855857857,"run000219","sim_runs/run000219/sim_3002613081067.log",368.591369606004,4.14606003752345,20836,146,40,25132,59483,258,5.79499,13.7818,0,0.0955164,0.198026,4.95341,4.23365
119.163433741778,0.703703188477084,0.281403290664457,1.03822243027389,"run000220","sim_runs/run000220/sim_2553890282877.log",1113.73236397749,10.1807692307692,11559,178,40,44377,118565,447,3.03441,10.7381,0,0.110165,0.351655,5.00074,4.25531
221.868936158717,1.43905408740975,0.470261651858891,1.86667199758813,"run000221","sim_runs/run000221/sim_4163809898544.log",1804.09727954972,5.42626641651032,21522,374,40,91659,227284,497,7.94557,16.4609,0,0.606967,1.09411,5.003,4.27754
302.102425200865,0.568056275788695,0.439578441830236,1.39739124500193,"run000222","sim_runs/run000222/sim_1995252611006.log",2431.97410881801,16.2424953095685,29304,198,40,105847,263915,740,5.8166,13.9067,0,0.173433,0.368371,4.96674,4.21651
201.249168636277,0.559798227390274,0.326383357998566,1.61793217482045,"run000223","sim_runs/run000223/sim_1924420829052.log",1447.92485928705,11.4391181988743,19522,189,40,61468,149694,519,3.95411,11.7097,0,0.116474,0.3087,4.97281,4.2572
202.304809400812,1.29244144596159,0.314440471385751,1.7345971702598,"run000224","sim_runs/run000224/sim_2150152933982.log",1653.91257035647,8.33142589118199,19624,324,40,77027,197883,550,4.88686,13.417,0,0.3388,0.82845,4.98013,4.27679
41.9843922555447,0.969323910865933,0.41064145193377,1.84470954793505,"run000225","sim_runs/run000225/sim_3996272693552.log",72.4282363977486,1.78536585365854,4073,137,40,5056,11610,114,4.7179,12.946,0,0.246108,0.631748,4.88945,4.21822
213.91280583106,0.663779534073547,0.409070601472195,1.59746197168715,"run000226","sim_runs/run000226/sim_1955762454217.log",1631.18133208255,11.4234521575985,20750,221,40,69556,174881,559,5.59534,14.1247,0,0.194832,0.434605,5.00668,4.23836
121.632994003594,1.81069860146381,0.0900514031309285,1.22978645400144,"run000227","sim_runs/run000227/sim_2125320772246.log",1191.69587242026,9.21913696060038,11799,349,40,51313,131328,461,1.09959,6.92223,0,0.106512,0.602904,4.99393,4.25509
234.326281864196,1.71056415122002,0.267652565311437,1.50423849397339,"run000228","sim_runs/run000228/sim_2860522394237.log",2216.9552532833,9.740712945591,22730,431,40,108082,275074,703,4.02854,12.3762,0,0.369193,1.00632,4.99558,4.24682
122.628225628287,1.39433347904123,0.221256772863853,1.85851242067292,"run000229","sim_runs/run000229/sim_2646681372812.log",858.594934333959,8.03939962476548,11895,287,40,39825,100973,428,3.18047,11.1454,0,0.234697,0.740593,4.96157,4.26935
200.808459883556,0.227890833094716,0.37501426126255,1.39270591665991,"run000230","sim_runs/run000230/sim_4195770101449.log",78.4979362101313,1.14043151969981,19479,132,40,13935,33666,140,5.55698,13.393,0,0.0660592,0.134247,4.98313,4.23741
93.174034692347,0.482931613037363,0.211218244578049,1.38277175743133,"run000231","sim_runs/run000231/sim_1979351697370.log",215.748311444653,2.35909943714822,9038,145,40,14112,34640,170,2.09957,8.73336,0,0.0538711,0.202439,5.02247,4.28189
75.4661802761257,0.717947981040925,0.26187762259724,1.58585934643634,"run000232","sim_runs/run000232/sim_2773111974017.log",266.466228893058,4.41003752345216,7321,148,40,14708,37093,240,2.69402,10.1827,0,0.10427,0.361471,4.96128,4.2817
290.753684993833,0.692094317963347,0.283796877105488,1.92823835043237,"run000233","sim_runs/run000233/sim_2711521673262.log",2175.58930581614,16.8939962476548,28204,231,40,89175,220503,748,3.75556,11.7072,0,0.137845,0.384464,4.98859,4.24168
164.370083259419,1.22282234309241,0.311785941292328,1.24461040087044,"run000234","sim_runs/run000234/sim_1887262394227.log",1626.17664165103,9.08480300187617,15944,302,40,71682,183049,547,4.14425,12.4737,0,0.270208,0.729493,4.96438,4.2771
163.383689792827,0.510225996607915,0.301765207579592,1.98967737122439,"run000235","sim_runs/run000235/sim_1750779979656.log",790.28808630394,8.93649155722326,15849,168,40,35073,87878,382,3.81561,11.7451,0,0.101085,0.277278,4.97371,4.268
304.488202892244,0.521913788188249,0.388009669833991,1.26065201847814,"run000236","sim_runs/run000236/sim_4255440525205.log",2738.68621013133,18.5396810506567,29536,196,40,115354,293178,794,4.8736,12.8665,0,0.131839,0.309831,4.9668,4.19212
119.325754269958,0.386840556841344,0.0201679863639583,1.27970262127928,"run000237","sim_runs/run000237/sim_1772930120836.log",-31.4771106941838,-0.503001876172607,11575,141,40,8391,22357,61,0.211561,2.52038,0,0.00446864,0.0535066,5.03649,4.28271
233.790763802826,1.95982745629735,0.34823635198336,1.11690478026867,"run000238","sim_runs/run000238/sim_1919791251690.log",2704.12204502814,8.556191369606,22678,475,40,129984,311331,728,5.209,13.7708,0,0.53787,1.25265,4.97445,4.24226
63.6399746965617,1.68369403067045,0.200893654193351,1.16428508795798,"run000239","sim_runs/run000239/sim_4331619358939.log",484.49277673546,5.70834896810507,6174,204,40,23892,56504,336,2.3606,10.235,0,0.212269,0.831329,4.99328,4.28087
292.218669317663,0.549206288764253,0.125081031208538,1.65703430841677,"run000240","sim_runs/run000240/sim_1808710222405.log",1713.50590994371,17.0094746716698,28346,202,40,76359,175890,715,1.33528,7.23658,0,0.0387055,0.188935,5.01633,4.25897
86.859019221738,0.712454945221543,0.02676798556422,1.38033308601007,"run000241","sim_runs/run000241/sim_2674891507777.log",3.72251407129457,-0.476360225140712,8426,170,40,4651,12889,65,0.235699,3.28858,0,0.00860721,0.107918,4.86745,4.18642
145.487485276535,1.31160654979758,0.0522414421720896,1.11737292236648,"run000242","sim_runs/run000242/sim_4157049797410.log",1486.56472795497,10.2549718574109,14113,291,40,61217,144346,478,0.551751,5.04119,0,0.0392933,0.322637,4.97265,4.21967
110.399491721764,0.516673792805523,0.301601720693725,1.49219834199175,"run000243","sim_runs/run000243/sim_1895631087474.log",540.557504690432,5.54324577861163,10709,163,40,26548,67045,289,3.17301,10.669,0,0.0835388,0.253348,4.99963,4.29702
248.893354320899,1.603928999044,0.455172681344266,1.30075766704977,"run000244","sim_runs/run000244/sim_4187950030360.log",2534.46472795497,7.1109756097561,24143,422,40,122322,295596,612,7.10301,15.5831,0,0.606899,1.16262,4.98459,4.24057
236.78765302524,1.58709003510885,0.0899305650273163,1.46442997083068,"run000245","sim_runs/run000245/sim_2085142462114.log",2253.39981238274,19.0085365853659,22969,405,40,96217,233940,942,1.11561,6.82585,0,0.0956267,0.524621,5.00299,4.26139
214.318689685315,1.65500930100679,0.42200715425497,1.63212855136953,"run000246","sim_runs/run000246/sim_4014442814261.log",2053.47692307692,5.98996247654784,20789,392,40,97196,244502,550,6.853,15.3599,0,0.606308,1.19685,5.01142,4.25523
236.075120484456,1.20905757960863,0.399312494500919,1.32282186974771,"run000247","sim_runs/run000247/sim_1656570950140.log",2265.80609756097,9.36998123827392,22900,326,40,110002,267486,618,5.79786,14.3928,0,0.370299,0.817355,5.00198,4.26774
215.355769339949,1.52204978950322,0.337904645009985,1.72591552673839,"run000248","sim_runs/run000248/sim_1887252394217.log",1959.98142589118,7.75084427767355,20890,371,40,93109,231410,590,5.27534,13.8612,0,0.427314,0.993512,4.94688,4.21546
161.128194779158,1.45986886001192,0.418420387697552,1.10071608726867,"run000249","sim_runs/run000249/sim_4245830464716.log",1592.48039399625,7.08621013133208,15630,338,40,76069,191463,511,6.18263,15.0026,0,0.476269,1.01561,5.00361,4.26883
174.1194761917,0.902073271898553,0.272469732455647,1.15021875151433,"run000250","sim_runs/run000250/sim_2363953174799.log",1685.20018761726,11.1312382739212,16890,257,40,75992,183823,560,3.13274,10.9848,0,0.149595,0.474752,4.96269,4.1856
208.766297148541,1.30906154038385,0.130168368094019,1.92040867544711,"run000251","sim_runs/run000251/sim_1856810525169.log",1568.84380863039,13.299530956848,20251,331,40,71825,173867,668,1.65208,8.21622,0,0.115601,0.516469,5.02324,4.29353
66.589174112305,1.87051519723609,0.218732440491294,1.15507716313004,"run000252","sim_runs/run000252/sim_2982822994491.log",510.63574108818,6.33536585365853,6460,230,40,23890,62250,341,2.72385,10.5366,0,0.276698,0.952975,4.93421,4.26796
189.064159523696,0.751585307810456,0.323083572449832,1.51121071190573,"run000253","sim_runs/run000253/sim_4331539358903.log",1449.84530956848,10.930487804878,18340,229,40,68597,164986,541,4.0404,12.1959,0,0.160919,0.437357,4.9844,4.23705
274.987785005942,1.69364513172768,0.379149728389166,1.13111624959856,"run000254","sim_runs/run000254/sim_3822261553777.log",3012.15863039399,10.3330206378987,26674,462,40,146522,366354,781,5.53453,14.0624,0,0.499639,1.11561,4.9928,4.23206
71.0406954679638,1.92154920469038,0.384301473994128,1.15059058927,"run000255","sim_runs/run000255/sim_2060312293878.log",579.456754221388,5.39643527204503,6891,243,40,27908,68880,337,5.84298,14.7855,0,0.596723,1.33643,4.89866,4.2957
252.424326715991,0.81915003429167,0.0442830845349818,1.42601552745327,"run000256","sim_runs/run000256/sim_2075482401777.log",1520.80318949343,12.2456848030019,24486,242,40,71671,191940,588,0.435873,4.3625,0,0.019067,0.177173,4.99714,4.21447
283.150635659695,1.72931520286947,0.442675165344554,1.62172948149964,"run000257","sim_runs/run000257/sim_4344929446894.log",2727.35994371482,6.86050656660413,27466,464,40,136059,341007,638,7.23726,15.6299,0,0.664236,1.25428,5.00829,4.24219
270.696649458259,1.15571513650939,0.137773126469256,1.25782861281186,"run000258","sim_runs/run000258/sim_2203513308905.log",2673.58705440901,20.5139774859287,26258,330,40,128985,318570,987,1.48729,7.88309,0,0.0900393,0.430832,5.01468,4.22523
284.260816471651,1.08521409523673,0.419285580737778,1.4458218968939,"run000259","sim_runs/run000259/sim_4245860464744.log",2580.07495309568,10.0186679174484,27574,318,40,121933,296982,699,6.15261,14.6793,0,0.352087,0.747334,4.98564,4.22126
42.8559937141836,0.532159599475563,0.150146337589831,1.35097686876543,"run000260","sim_runs/run000260/sim_4203580161569.log",-17.7760787992495,-0.64718574108818,4158,124,40,1876,4087,35,1.2928,7.03241,0,0.0364321,0.19009,5.02088,4.35638
232.692790366709,0.961592130316421,0.442209955308499,1.44197461730801,"run000261","sim_runs/run000261/sim_2091892513764.log",1969.99681050657,10.3197936210131,22572,275,40,86648,211853,609,6.473,14.9662,0,0.333091,0.682899,4.9788,4.24653
277.092976765707,0.239265164965764,0.0751003929144645,1.77233621128835,"run000262","sim_runs/run000262/sim_2904982611006.log",-68.7768292682925,0.187898686679174,26879,138,40,13464,31436,109,0.934859,5.6878,0,0.0118538,0.0645092,4.99539,4.16846
146.143666328862,1.18190223546699,0.121364750812063,1.49254413903691,"run000263","sim_runs/run000263/sim_4097063353851.log",1157.37195121951,10.6960600375234,14176,260,40,50926,124246,508,1.43645,7.91342,0,0.0895615,0.448223,4.95389,4.26638
142.139080855995,0.72405892405659,0.306909209892183,1.95303049311042,"run000264","sim_runs/run000264/sim_2444170867767.log",814.320450281426,8.69559099437148,13788,182,40,35882,90311,395,3.8849,11.8625,0,0.150152,0.417065,5.0124,4.26461
177.434910116717,1.05271242749877,0.137961497901415,1.09793978277594,"run000265","sim_runs/run000265/sim_2821972214278.log",2040.90919324578,13.7852720450281,17212,277,40,86560,213698,654,1.45702,7.97911,0,0.0805806,0.39567,4.96418,4.22341
133.931845724583,0.384945024643093,0.223450859906734,1.24935469240882,"run000266","sim_runs/run000266/sim_2018752703887.log",259.936397748593,2.14305816135085,12992,151,40,20225,50278,174,2.5311,9.56249,0,0.0500839,0.16639,5.02127,4.26707
43.9041240978986,1.00787544730119,0.160435983802017,1.78795778658241,"run000267","sim_runs/run000267/sim_2932682753676.log",90.4133208255159,1.71894934333959,4259,140,40,5146,12971,115,1.91778,9.1399,0,0.10702,0.467576,4.94322,4.28397
143.258776459843,1.63384385849349,0.15488030956476,1.08823030465282,"run000268","sim_runs/run000268/sim_4163589898423.log",1707.98630393996,10.9645403377111,13897,351,40,73598,184303,579,1.80888,8.66086,0,0.156715,0.679495,4.93257,4.20244
91.4120765868574,1.16558173247613,0.40760148857953,1.60385668161325,"run000269","sim_runs/run000269/sim_2079160101244.log",559.461350844278,5.98855534709193,8867,230,40,28278,69198,342,6.00831,14.6322,0,0.381224,0.827789,4.96488,4.32963
120.014371369034,1.7249928297475,0.201120119556435,1.76122827176005,"run000270","sim_runs/run000270/sim_3928242253542.log",835.737148217636,7.1562851782364,11642,333,40,42978,109440,423,2.75445,10.4293,0,0.25757,0.868423,4.98417,4.29029
225.891037052497,0.293218200374395,0.18091298931904,1.41731032216921,"run000271","sim_runs/run000271/sim_2939912781200.log",257.603377110694,2.1766416510319,21912,137,40,21938,57291,188,2.16064,8.59357,0,0.0336082,0.117316,4.94293,4.14033
192.472525862977,1.19204585794359,0.0962284519955574,1.08755163382739,"run000272","sim_runs/run000272/sim_2860342394122.log",2500.31378986867,15.1751407129456,18670,298,40,101961,258812,673,0.941036,6.22136,0,0.0597104,0.358178,5.01651,4.24749
233.536649839953,1.94293476645835,0.373441454565182,1.50035826303065,"run000273","sim_runs/run000273/sim_1697311146065.log",2401.79005628518,6.76622889305816,22654,502,40,117076,289668,617,5.99216,14.6583,0,0.617251,1.32545,5.00178,4.24465
273.323206361383,1.60281309070997,0.472895637416514,1.31006805878133,"run000274","sim_runs/run000274/sim_4163749898525.log",2869.85422138837,7.45422138836773,26513,415,40,133343,331863,645,7.58697,15.9145,0,0.639291,1.17264,4.99455,4.24253
132.589300042018,0.246024815738201,0.238914209810901,1.72346991021186,"run000275","sim_runs/run000275/sim_2797112093774.log",8.36988742964354,0.0984990619136957,12862,125,40,7702,18705,81,3.06428,9.81528,0,0.0414577,0.114972,4.94645,4.23189
199.656229987741,1.32257225005887,0.234302912856947,1.45584899443202,"run000276","sim_runs/run000276/sim_2150132933967.log",1163.4,-9.10000000000001,19367,334,5,22186,45410,228,3.90295,12.6354,0,0.281107,0.8228,4.97644,4.28157
222.288703164086,1.043390601594,0.320218429766101,1.45889772078954,"run000277","sim_runs/run000277/sim_2948872825053.log",1904.31435272045,10.7848030018762,21563,301,40,86577,213896,631,4.28337,12.7522,0,0.236282,0.62789,4.98099,4.22763
46.1968934256583,1.20115435058251,0.0724599979948835,1.36910992232151,"run000278","sim_runs/run000278/sim_2696601613046.log",90.7600375234521,0.941838649155723,4482,156,40,5816,15648,96,0.938607,6.86297,0,0.0634277,0.421933,4.97868,4.23579
289.20247011818,0.805961027927697,0.142556831673573,1.70823212200776,"run000279","sim_runs/run000279/sim_3832231612975.log",2259.29915572233,19.2579737335835,28053,241,40,95459,239887,877,1.63308,8.1495,0,0.0694163,0.319547,5.01955,4.26169
313.46746629104,0.897152717551217,0.350680854011443,1.36901962175034,"run000280","sim_runs/run000280/sim_2005581206108.log",2884.45891181989,15.3239212007505,30407,285,40,132865,322527,838,4.67373,12.9827,0,0.221242,0.549728,4.97435,4.20964
235.34055239521,0.786976198712364,0.104310444614384,1.96564751630649,"run000281","sim_runs/run000281/sim_2008211905244.log",1482.31801125704,14.7755159474672,22829,228,40,62515,153791,663,1.12704,6.93584,0,0.0466459,0.257965,4.94497,4.20165
156.539259525016,0.22953373095952,0.380384785101342,1.28767559840344,"run000282","sim_runs/run000282/sim_2748941852951.log",-4.88208255159478,0.30234521575985,15185,126,40,9352,20812,106,5.42413,13.0708,0,0.0665925,0.136919,5.0065,4.18135
247.633032193407,0.829848461225629,0.418893647216464,1.86306641343981,"run000283","sim_runs/run000283/sim_4157039797409.log",1783.91303939962,10.600469043152,24021,242,40,80912,203065,588,6.13521,14.662,0,0.271753,0.572013,4.98999,4.24063
234.797958787531,1.9859474547673,0.439339360516897,1.26569781312719,"run000284","sim_runs/run000284/sim_1666339614046.log",2618.57392120075,6.26313320825516,22776,466,40,124104,307294,622,6.9298,15.4156,0,0.727899,1.41208,4.9855,4.24747
133.51535288617,1.62013535643928,0.320401495024271,1.14236860210076,"run000285","sim_runs/run000285/sim_2232670950015.log",1278.97485928705,7.42307692307692,12951,336,40,63480,150696,508,4.38247,12.8891,0,0.377945,0.979859,5.00543,4.30397
180.708074020222,0.27329577691853,0.0934260086651193,1.65400858758949,"run000286","sim_runs/run000286/sim_3002643081097.log",-35.8107879924952,0.0787054409005629,17529,135,40,8969,26413,99,1.22424,6.69002,0,0.0176486,0.0831878,5.04691,4.25939
145.485064676031,0.34504865668714,0.333930009877804,1.78728400403634,"run000287","sim_runs/run000287/sim_4229300354539.log",198.768198874296,1.84024390243902,14113,141,40,14069,36002,162,4.28078,11.8435,0,0.0786408,0.193326,4.95384,4.27703
246.437506536022,1.63445580950938,0.498278776627558,1.88275988167152,"run000288","sim_runs/run000288/sim_1843000451108.log",2200.14924953096,4.88076923076923,23905,433,40,107671,262772,543,8.42579,16.517,0,0.732385,1.24296,4.95152,4.22857
73.6631962191314,1.15785079933703,0.128523479081196,1.47222139663063,"run000289","sim_runs/run000289/sim_4097053353846.log",396.334803001876,4.99756097560975,7146,197,40,19891,50230,281,1.36445,7.75103,0,0.0853064,0.445764,4.90743,4.17298
254.097557980567,0.598556749895215,0.407547998849623,1.66147529100999,"run000290","sim_runs/run000290/sim_2025312033612.log",1857.23255159475,13.5439962476548,24648,207,40,77596,199124,608,5.6274,13.7873,0,0.176913,0.385111,4.96098,4.23996
120.890194699168,0.282784645352513,0.310924450957828,1.24243731703609,"run000291","sim_runs/run000291/sim_4279650715410.log",23.3671669793621,-0.0186679174484049,11727,132,40,9349,20390,99,3.94641,11.4305,0,0.0585636,0.150972,4.99939,4.18554
270.199424996972,0.697627578116953,0.224116903271351,1.04638436646201,"run000292","sim_runs/run000292/sim_1901390706844.log",2979.24803001876,17.7632270168856,26210,232,40,131715,303199,822,2.23749,9.19356,0,0.0813986,0.304496,4.97639,4.23184
101.158932615072,0.921339585538954,0.330083663033292,1.73599928827025,"run000293","sim_runs/run000293/sim_4255410525178.log",648.603752345216,7.19108818011257,9813,212,40,28817,71861,350,4.4147,13.0648,0,0.214046,0.568057,4.94604,4.30431
183.594725588337,0.279548234120011,0.246943409438245,1.15702947205864,"run000294","sim_runs/run000294/sim_2708149674913.log",131.225422138837,0.934896810506567,17809,136,40,19637,50051,128,3.01151,9.86008,0,0.043515,0.121438,5.01287,4.25483
101.214323621243,1.84171522562392,0.305445097659685,1.66667932202108,"run000295","sim_runs/run000295/sim_2693839552980.log",703.542307692308,5.39202626641651,9818,302,40,36270,87533,371,4.91467,13.6236,0,0.480218,1.17166,4.9591,4.31014
316.67779061012,0.396270451880991,0.386680469866405,1.32502110069618,"run000296","sim_runs/run000296/sim_4271010646525.log",2364.68667917448,18.4145403377111,30718,169,40,97825,235093,771,5.08049,12.8737,0,0.103327,0.226492,4.99571,4.23397
141.526623815298,0.241334913345054,0.427359711535246,1.98402863135561,"run000297","sim_runs/run000297/sim_4331699359019.log",25.9502814258912,0.822795497185741,13729,130,40,8917,21595,115,6.23306,13.7787,0,0.0780114,0.146122,4.90628,4.20384
207.033140668646,0.451665605045855,0.492329725206218,1.79048404050991,"run000298","sim_runs/run000298/sim_4213290222230.log",1327.66660412758,11.8296435272045,20083,166,40,52030,136581,475,7.02737,14.9443,0,0.166415,0.309213,5.00572,4.24634
44.5158758852631,0.327141875587404,0.428250000917615,1.56685515237041,"run000299","sim_runs/run000299/sim_2885052513616.log",5.5908067542214,-0.19155722326454,4319,102,40,2088,5412,45,5.03737,11.909,0,0.088162,0.177621,4.99723,4.38778
293.580316295847,0.739840490370989,0.471714395684103,1.14214685419574,"run000300","sim_runs/run000300/sim_2018812703912.log",2692.01022514071,13.2953095684803,28478,242,40,123036,294715,725,6.38872,14.5672,0,0.248815,0.503286,4.97527,4.21934
