"","T2","T1","CS","AS","NE","Na","Nc","Ns","mut_rate","POP_SIZE","P_D","DISPERSAL_SIGMA","YEAR_SHAPE"
"1",409546.179921891,524938.94285904,0.491910988222603,0.459934814462292,69638.732553434,5134.87339688518,8224.321853241,12116.3791138437,3.09927002441008e-09,162.44407791326,0.299578730256771,0.508805349959461,1.05946616360934
"2",391854.019076722,650780.430550967,0.547402764940174,0.39676413938028,25297.3266079637,7589.07324470924,4890.77935836597,12117.1559105324,3.45844478807644e-09,100.332517078848,0.436282884961238,1.02084482233389,1.7359901549499
"3",388339.972779361,686729.679259785,0.571125029422872,0.365854220260181,8944.37475302716,5531.82513777711,1577.13522294976,12128.6242717974,3.60221137003269e-09,104.483920925382,0.443930765048065,1.29567539244785,1.82895202875917
"4",375093.475732975,538096.521995562,0.538840251069191,0.408740135647711,61624.0647863583,5289.35482597811,12123.696921422,12134.514740433,4.29679236760141e-09,137.599554594332,0.0913797191008876,1.29754669416982,1.84009665292401
"5",396210.737177088,656263.561668919,0.544823017415618,0.404590258966395,19762.8676908178,5072.4025961147,8978.57994750938,12131.3314240711,4.08699202539424e-09,78.4683554876046,0.200822959857831,1.89108868427191,1.30125143975538
"6",398453.481417234,622668.687654921,0.472777613298322,0.489957003866348,37185.8919831662,7239.13672097492,7932.15262659846,12127.0987041075,3.31506971694076e-09,100.3502606274,0.435847459750034,1.02058596387881,1.73575747730698
"7",416121.135084745,546984.380145782,0.580503487837331,0.352711276154822,56826.686004349,5748.24659509985,1256.95514200131,12129.814838721,3.4393972270498e-09,78.4683601549399,0.20082298646162,1.89108876069427,1.3012513843963
"8",389512.521617043,597535.13813929,0.563198139571157,0.37915171908456,38861.3096879468,7649.12606692436,12021.1674918959,12124.32841994,3.30846708792814e-09,124.5211,0.224451865026945,0.8641,1.68167562706262
"9",400435.458043293,666909.492825671,0.573614270251186,0.365499236601278,14236.5712381591,9326.57266837652,6120.9786265851,12124.5439947709,3.5778383308068e-09,90.229786755485,0.309643033317252,1.10932857683559,1.18077896351931
"10",388242.7936242,674500.798200612,0.567691351311528,0.371591971223018,12723.7506186611,2412.04060532566,3339.11614466757,12125.1223364969,3.13774008505341e-09,121.368744504221,0.135279641642515,0.873890303020825,1.06134103362561
"11",415981.402974134,547187.730995811,0.580606300481434,0.352557997946013,56754.4131037891,5756.9806730954,1251.50198151744,12129.9457438467,3.43849262052228e-09,78.4871331676635,0.200469328520722,1.89031325854433,1.301687333513
"12",412822.305701039,661707.140817457,0.592434146968176,0.338353239495989,15411.4793989237,9599.91103976852,1222.38760623593,12122.5131771861,3.94035023935831e-09,100.361715616669,0.435778003120785,1.02001958234808,1.73678244020762
"13",382272.438822989,637758.60488924,0.469578558630333,0.494676092250722,22653.1820387583,9831.46944446308,4770.55541016838,12124.6632497377,2.88740187135273e-09,118.662710647777,0.141440570443137,0.907942296400014,1.06054805726526
"14",420062.238136967,656318.75520861,0.590909622101466,0.340358651558001,20742.8640212143,1783.51521897117,4201.1714140858,12130.2702936526,4.45108286809511e-09,75.0833942701661,0.368447481895576,1.99511216250123,1.3207000042636
"15",393774.455599466,523431.11450517,0.571342357804288,0.368679785418062,76345.6023735004,9964.11325049642,2668.32637312275,12118.9775532136,3.31079878810415e-09,98.5490549027495,0.254261671923733,1.28218765896494,1.99175787709142
"16",388684.00475506,572151.007126782,0.544512692289262,0.406780883122932,49412.5163682865,6633.99632171785,1933.90755786104,12122.9373712016,3.50439129929834e-09,75.0353,0.3685,1.9964,1.3201846487018
"17",374010.56515572,571478.470866888,0.556201601483233,0.389882483598883,49787.5886006851,8526.2759549263,3706.00309664286,12124.8845319447,2.89168631753415e-09,121.360888678998,0.135385115343974,0.874589970437247,1.06037133772373
"18",408991.71280502,516102.441509312,0.538523780981919,0.413285133911435,79891.684222323,1797.62119663044,3494.72915143273,12121.3125694777,2.96845821296334e-09,90.2061880392464,0.309678458190351,1.10990486773183,1.18086310503838
"19",424539.413607576,619136.890462913,0.60007358703756,0.325160242230156,37208.3957859908,1871.94524853095,3960.22533511089,12118.4859960648,3.40908169985447e-09,121.355955145933,0.1353,0.874526792641631,1.06099616909664
"20",422887.289251343,596806.466018983,0.576161139373926,0.360870981711983,35726.9643078785,5854.46348918909,900.287460277085,12134.6420636579,3.37560649972301e-09,98.5659301334369,0.25398289997097,1.27785037394223,1.99252889504287
"21",394123.710619662,523570.012220349,0.571935856952624,0.368597536284485,76264.9615109313,9926.09743485388,2663.55845599658,12118.5514685049,3.71910590677215e-09,98.4807991097751,0.254569351458601,1.28454593476176,1.99074105621091
"22",405167.959845771,679609.31965683,0.589514458885901,0.334411789476936,14394.3108952059,1380.37620279388,4764.07577823977,12125.3089599818,2.97374747751017e-09,100.506424110566,0.126,1.30053051528645,1.53108342415796
"23",416390.63199306,675954.491075461,0.505952350633246,0.451671467168427,15927.0214629733,3122.65402870858,8171.99319958544,12128.4050566609,3.76805046303611e-09,86.5603,0.170902477699981,1.3566,1.07878985572161
"24",388060.808193131,629484.381662556,0.568363734892443,0.365666462004895,21644.9963026557,1702.66819982841,3271.29517570527,12124.6790373963,3.83069323400343e-09,100.84699801943,0.432813270914804,1.01503053397749,1.73634774983016
"25",408384.117482072,556846.356234753,0.532980204069886,0.419202310374928,52696.9445842141,3044.13162563442,1938.11593303362,12114.4408058699,4.02156507978864e-09,83.9996748073446,0.322144399121928,1.80782769130027,1.69266855053743
"26",405098.742868967,577576.148398131,0.581553346448773,0.354323179316055,54420.9066727568,3012.89155834744,2581.55569059904,12132.0691251004,4.16223115585727e-09,78.4683480342879,0.200822984713029,1.8910889654425,1.30125143975538
"27",391299.826842096,541511.185305316,0.46113613510147,0.497092201798161,49432.152368757,5438.45905770058,1020.72730689894,12125.1727353677,3.24307500012409e-09,104.409704359229,0.444056227782434,1.297369424975,1.82829267638664
"28",414354.079159783,629325.917555763,0.586469966253859,0.347215822968634,38090.2483299533,7566.19677797536,3512.6191884941,12122.1194222757,3.26748385987335e-09,100.494969121297,0.126025956642842,1.30113885344896,1.53084365143064
"29",388115.214493721,629340.240773184,0.568363942085007,0.365666449405012,21663.5640499161,1696.17664380451,3265.8405318805,12124.392425922,3.83408927332975e-09,100.361918889234,0.435777765885279,1.02001999982533,1.73678347301751
"30",404124.184355511,536659.010509845,0.515151928125247,0.441156082931255,68587.9787952699,3087.37385003913,5753.24235489178,12129.6563955711,4.08731193504039e-09,81.864741825705,0.299171691773949,1.78811953154055,1.44791337290781
"31",388250.743017827,674504.780574452,0.567698269077644,0.371591971223018,12723.7094025568,2411.51436654918,3339.11916646671,12125.8067066261,2.84518194381518e-09,121.368744504221,0.135279972803048,0.873889837148003,1.06133956034725
"32",388115.495221431,629340.6825424,0.568364190541874,0.365666506919963,21663.5698255845,1696.17926892844,3265.84010844561,12122.651989279,3.49698876991466e-09,100.361715616669,0.435777719480872,1.02001984458841,1.73678366847336
"33",402788.52269326,592586.129077891,0.578092743872563,0.358772003158133,44973.8780249046,4542.31496774824,2265.19201636492,12122.2550179834,3.44102529277512e-09,84.0488112898828,0.32179666472282,1.80691217772933,1.69345292981918
"34",375051.835093555,538019.789418919,0.538694632288677,0.408763369186472,61637.162902108,5290.63706966896,12126.1171641882,12133.0490875279,4.34467737700856e-09,137.617648449588,0.0908968256912524,1.2973018757447,1.84045422127916
"35",393972.187607828,523583.165512794,0.57184362232458,0.368597537199489,76264.1437893824,9925.44751351662,2663.6131432043,12118.967492167,3.37977803567643e-09,98.4792142643957,0.254588733393639,1.28461573770136,1.99071752457124
"36",390676.739112602,601712.130287818,0.474921728798368,0.481855453736217,42649.3313469997,6569.58606991751,5660.45281630592,12122.2094155783,2.70799527651204e-09,176.347602464261,0.0765415940221049,0.770153099959056,1.57294944789591
"37",414413.805002749,629403.25538233,0.586469966253859,0.347215832041081,38089.0408932892,7565.64798072944,3512.70770999096,12123.0203039421,2.86273484329405e-09,100.494969121297,0.126035843583012,1.30124581070961,1.53079971798752
"38",378691.02614918,518778.878614885,0.558957840350807,0.381957379459878,71876.83703158,5369.41171554169,2327.93658596681,12135.384378592,3.32370187928757e-09,137.616915847764,0.0908968256912524,1.2973018757447,1.84045422127916
"39",409128.22505406,524737.08802398,0.49160569751462,0.46001533154419,69641.0663458638,5176.41127041275,8225.09540335933,12112.6459326743,3.07472113603474e-09,165.1396,0.294135019755289,0.475370655226645,1.05959241643489
"40",374095.465979467,571348.031056593,0.55616149550062,0.389844725786066,49828.0947153513,8512.59228983707,3703.58276153268,12124.156826559,3.55826206869786e-09,120.177070427131,0.138719814594427,0.886894664285591,1.06054805726526
"41",398373.315268373,588606.741753113,0.58877136662409,0.340212464074411,39017.0816691091,8497.55187860554,6940.36481310934,12124.8523524371,3.27783846150208e-09,98.5776756928524,0.253979394707976,1.27806285220822,1.99211535081572
"42",388653.257004029,572080.690595074,0.544375660760676,0.40677812440287,49407.8822620449,6633.93410208709,1930.42083429826,12121.7204643823,3.50439129929834e-09,75.0353,0.3685,1.9964,1.32015163382668
"43",400433.443913226,666866.165106817,0.573548840843638,0.365522451067201,14239.0181332927,9327.68490744628,6117.40366231603,12124.7940580976,3.18419991759573e-09,90.2177399555844,0.309677226317758,1.10932851552218,1.18086430353172
"44",404123.753616135,536658.149949778,0.515150819928287,0.44115674573652,68588.0497037508,3087.37745612405,5753.24095570048,12129.3920560679,2.84049365919657e-09,81.8649018508576,0.299172037212428,1.7881156940682,1.4479158598873
"45",388234.348368962,674494.465465789,0.567692496426946,0.371591511389101,12723.8371936888,2415.98157107045,3339.16839970149,12125.0387949617,3.13742295466832e-09,121.3678,0.135277719480872,0.8739,1.06143581594327
"46",390033.44062479,653382.830281269,0.619220170916223,0.28434261573692,20253.1321446623,4521.26944592521,5168.37076075906,12117.365431114,2.8050110536751e-09,100.501765473547,0.126,1.30130338866734,1.53044469627325
"47",401392.338022179,553313.639395863,0.474504768972137,0.481323643574081,56163.806912245,3444.23707070649,5379.93420674165,12118.6357254586,4.92030999691429e-09,81.7263086922034,0.300151109986229,1.79418354939058,1.44594936937828
"48",388675.213949274,572080.690595074,0.54424329088198,0.407015347155419,49409.9607360673,6635.54120986408,1939.74037564584,12123.0316815908,4.50559144576527e-09,75.068731378873,0.368303538281809,1.99639460253697,1.32026197685723
"49",401421.874495737,530293.478167293,0.547803694336941,0.398427865319134,70300.7858265041,8097.75678102354,9814.9665123518,12130.4683328273,4.04563329255332e-09,76.1223860907742,0.30497055329276,1.70442198173212,1.56283717483756
"50",397354.805411122,566388.714628344,0.550710783612871,0.397681593718324,56616.940335136,4721.11106529003,5357.90346874092,12128.6586278859,3.03377230884811e-09,76.122416038308,0.304970555699524,1.70442085083992,1.56283761952191
"51",413478.926293013,502281.995726791,0.495307034462546,0.461743158305382,72621.0393972909,7421.22748402193,2515.17481892757,12124.3819782284,3.4733675813882e-09,124.511850067378,0.224480766519964,0.864960330268763,1.68156295420113
"52",377307.566461888,637939.25997876,0.586329656261138,0.339755058128686,24479.3771784142,5214.93039000426,1933.58474555698,12121.5746736971,3.80909938911146e-09,78.4672321525904,0.200824234953808,1.89109653736557,1.3013000042636
"53",393839.438431587,523601.967477606,0.571720823546671,0.368597536500193,76262.9684341332,9926.21702096906,2663.55845599658,12118.8485901087,3.35969100787826e-09,98.477760943057,0.25458479224291,1.28470952560445,1.99069594578853
"54",388332.877261445,686686.449212719,0.571090116858599,0.365831480718987,8954.3956285482,5532.14597729607,1577.19206568786,12128.651148597,3.47212298567871e-09,104.4679707986,0.443928509187946,1.29562013962006,1.8289000042636
"55",395840.193245474,676900.078370276,0.522477748968137,0.429927002141514,19956.7241556438,5237.29361802047,9625.24186698615,12120.8556109696,4.37961640354672e-09,76.1236505002339,0.304971123455661,1.70441652516169,1.56283699686156
"56",406361.740346783,567229.130393148,0.60148726948417,0.323893928870408,54118.8953755387,2039.78082073333,4656.15262238028,12122.5087598901,3.83738366879141e-09,104.460179637294,0.443671466988665,1.29705154286777,1.82849730069518
"57",405206.832431403,679631.201540178,0.58963248201861,0.334376761199874,14394.006609742,1380.2364135164,4764.09886911021,12126.0687044967,2.65383331592201e-09,100.494969121297,0.126,1.30109574136885,1.53107269876455
"58",407910.531745476,578807.591948241,0.549701244075129,0.395764140475219,38729.315620551,1655.29890517553,12612.5241571853,12125.1346631927,3.52805057125633e-09,105.3291543169,0.147177719480872,1.30293414466788,1.6078495377713
"59",382838.895442868,529550.683718094,0.531626322064138,0.421208055998039,61513.7646535018,3857.59708519245,8249.50658067821,12123.037112347,3.00621449717784e-09,113.585693961338,0.246100346446032,0.808708063858948,1.14949961508283
"60",420039.309601134,656287.75695875,0.590877252864837,0.340347883958081,20748.7736733686,1784.09042313493,4201.07863736645,12130.081196417,4.45083162091155e-09,75.0743983665912,0.368430850588245,1.99496956082238,1.3207000042636
"61",394144.736322818,523509.669768949,0.571870474087451,0.368597536838671,76268.8031496557,9925.92001837966,2663.56502618378,12118.1358105751,3.37930522875492e-09,98.4767323735262,0.254590915995944,1.28430983843561,1.99068067368194
"62",402150.209116971,536819.196637466,0.571803623744694,0.369323907461189,74181.2235076328,9094.47211696964,2676.46627002177,12124.4519029843,3.27786689516153e-09,75.0942480612608,0.368071765594524,1.99493573358059,1.32034250406727
"63",400461.52850767,666900.417494575,0.573597904926464,0.365505951539024,14237.2790187537,9326.8943908808,6117.53116720565,12125.1380660738,5.25810334944873e-09,90.2156929586979,0.309691199644665,1.10942836355353,1.18080361063676
"64",377307.170950112,637943.154563356,0.586329584791349,0.339755084637842,24479.3799725216,5214.91619493136,1933.58454071024,12121.5679716921,3.80909897914699e-09,78.4672387126495,0.200824212408547,1.89109628959875,1.30123254008608
"65",392108.644546871,651189.531574262,0.547755574399434,0.396786421598856,25301.5708571326,7584.26229519071,4891.94405937493,12119.8663234763,3.46192056861314e-09,100.332214243937,0.436426421759587,1.0228390061335,1.73598402269231
"66",375093.788182359,538122.520527165,0.538866791523589,0.40874438792933,61625.9889148098,5289.31606357854,12124.4913371703,12134.5813510281,3.34828994793673e-09,137.559290099538,0.0916653101145204,1.29756647097127,1.84004250406727
"67",407911.867547152,578807.579747749,0.549701122572306,0.395764129861774,38729.3033706124,1655.39533498332,12612.7636439114,12124.6810718082,4.08112490592876e-09,105.32941182473,0.147175529788706,1.30293196220474,1.6078506788084
"68",426730.181430801,679699.579883734,0.534408557772413,0.41956635287737,13407.1316056405,1849.7110830441,12529.6118636073,12122.2461666694,3.39582989119897e-09,76.1236584067042,0.304971126737725,1.70441622658279,1.56283711426058
"69",422882.483667382,596801.332801937,0.5761539653915,0.360873330450553,35727.2118400806,5854.57599611788,900.269312806744,12134.4805459748,3.37557055993509e-09,98.5641339748402,0.253980911182077,1.2778334615977,1.99253753667948
"70",394133.597376551,523612.285605829,0.571957844199882,0.368596925208688,76260.8438768796,9925.06184310028,2663.64723762128,12118.8783857015,3.31694695558971e-09,98.4789043859471,0.254589629865281,1.28474546430768,1.99068048249886
"71",405508.90590752,544650.034896178,0.497244835208969,0.462220470692721,64221.957465109,7882.37216482975,6477.76532807719,12126.6927561269,2.48114522377639e-09,120.549877395606,0.140046319840819,0.882999822370036,1.06044646831534
"72",407916.459843598,578807.735090283,0.549701470959052,0.395764056320762,38729.3067505366,1655.29487318889,12612.5248074801,12125.1334836552,3.528506730393e-09,105.3291543169,0.147177790750206,1.3029339679583,1.60784922854262
"73",408273.826256803,556786.294793016,0.532892567801504,0.419242661294295,52709.4799304269,3048.94451647159,1938.11593303362,12113.3552456924,4.02047152277941e-09,84.0285918255888,0.322127361047762,1.80691517163381,1.69302114556156
"74",391946.186993118,650835.790575259,0.547484876153746,0.396786452108515,25304.0631520838,7589.0823017919,4893.17873531141,12118.0863210711,3.45810706079518e-09,100.33212929133,0.435978639444018,1.0218466283235,1.7359901549499
"75",400433.445032785,666866.193042684,0.573548851521718,0.365522498555787,14239.023335224,9327.68602520946,6120.03688699885,12124.3419410242,2.85731849565793e-09,90.2355426500733,0.30962373782331,1.10932809213537,1.1808644870042
"76",379076.614594192,653470.45155171,0.597182338793253,0.329923238554168,22742.533598676,6409.55582039649,7047.40781812372,12114.2003616173,4.12247828873501e-09,104.4271,0.444022755190952,1.29761207162889,1.82779445659866
"77",420042.042018599,656287.277850631,0.590875428708128,0.34035005327191,20748.5436833043,1784.12331824392,4201.07333159767,12130.1564572577,4.30119545330767e-09,75.075347395443,0.368433352440812,1.99497764765104,1.3207000042636
"78",398748.179728778,587516.06640796,0.585436018389987,0.351156579790324,45073.8602299502,1288.15746989604,6330.41722951836,12122.1622168468,3.03520219969045e-09,90.205309712578,0.309773435836537,1.11049562536759,1.1804247133118
"79",395979.854387892,676997.98611169,0.522640385161122,0.429852163139844,19936.2176224935,5228.5510037457,9624.07802039635,12121.2924659635,4.38055134605072e-09,76.1036387126495,0.30532420992226,1.70519628847514,1.56240169241752
"80",389767.973714494,689279.883846321,0.544595274080403,0.404460570677781,9316.36887887458,8226.46477317543,2170.03693729572,12123.7952078629,2.36396282967103e-09,119.7426,0.0700778070308921,1.621,1.4653356586264
"81",388332.899937736,686701.269429551,0.571115667348104,0.365836441540247,8952.59462317437,5532.0201999399,1577.10376076336,12128.5757758296,3.54898114240102e-09,104.471238953989,0.443925725788386,1.29562983701646,1.82895202875917
"82",409006.617812106,525054.513669842,0.491928980917417,0.459601523526427,69551.7193144752,5178.38714775605,8089.6102321957,12113.3702179931,3.11243594048231e-09,165.121504874875,0.293577876204527,0.47468686063621,1.05926279771885
"83",401768.673288022,537540.806608605,0.584858740938595,0.345258109810241,67160.9374029241,4473.92464917179,7110.79548395179,12130.0657463686,3.67845642608396e-09,113.6044,0.246077719480872,0.807733966045874,1.14993581594327
"84",394811.754835664,516472.173698865,0.524344157477355,0.429084586452739,70984.8210967924,7655.69779603518,4820.83582107091,12120.1799010927,3.50099559861588e-09,97.662716038308,0.284171459844065,1.05262085083992,1.80000041545368
"85",413591.327617758,502249.635493229,0.494972679181909,0.461996800587303,72663.1204958316,7409.43254011407,2571.15303408729,12124.4085087333,3.48312177827584e-09,123.403688029871,0.230348537770636,0.876765602203807,1.68149672960174
"86",400674.436901677,553071.775602512,0.474519359646041,0.481323880393319,56177.7198451468,3484.40614764891,5379.96882069997,12118.5864088298,4.91301161900784e-09,81.8220947954248,0.299602088344228,1.79066048290301,1.44639892540098
"87",402958.655777103,592531.748597458,0.578112992113021,0.358775966202003,45123.9470339101,4531.95603976284,2271.65741040022,12122.4225809976,4.04628380444633e-09,83.9882211039609,0.322200872440436,1.80839371563467,1.69266855053743
"88",420043.439116482,656295.370183666,0.590885286597023,0.340350383618834,20747.3421837428,1783.94766301191,4201.10166365295,12130.0691989144,4.20768639188255e-09,75.0765402857867,0.368433645862219,1.99499868256865,1.3207000042636
"89",404621.949585224,657200.148796932,0.510065315793662,0.447581987317426,16087.5085833405,3367.34562228414,3316.24512108502,12128.2438286084,4.98373919671372e-09,86.5603,0.170879458101043,1.35603412472461,1.07922827428652
"90",399360.705638695,609329.31579449,0.523329825240201,0.429145236894211,35741.1123997703,8889.24934445599,3416.1932049737,12127.9244319213,3.67748060407687e-09,76.122416038308,0.304970552767929,1.70442085083992,1.56283761952191
"91",388245.940794471,674499.042312692,0.56769282771756,0.371591511389101,12723.553558147,2411.8957074405,3339.18919411144,12124.870609246,3.13776558634962e-09,121.3678,0.135279998453073,0.8739,1.06142593038784
"92",402917.015137683,592430.817396022,0.577834678413234,0.358931014762766,45033.8406220164,4538.64793300186,2271.61686585423,12122.2550179834,4.04545583575362e-09,83.9996748073446,0.322200872440436,1.80823004109806,1.69266855053743
"93",402291.812237851,600348.429642279,0.447233405825062,0.49285665735832,38919.9338322875,8590.4034262428,4228.54804987576,12124.5548076184,4.84341277683518e-09,104.427318869402,0.444018257022032,1.29717423446683,1.82560561809881
"94",379274.545992013,653717.972069,0.597179577563964,0.330016979964475,22755.5825328093,6413.83719023583,7061.72067963156,12119.2859079176,3.5181262989644e-09,104.442953243972,0.443997732973085,1.29758462377669,1.82793516391279
"95",378633.062076396,518678.076111594,0.558793030218281,0.382031594090513,71895.3543497283,5374.38121720938,2329.55467817332,12135.0446719089,3.38744426855223e-09,137.628275471504,0.0908749770502938,1.29674160021825,1.84088824066358
"96",395030.969090585,645056.137844204,0.596663524400818,0.328902703240879,29271.1021323744,9138.04107873796,2986.406242922,12124.979050979,2.01004971275906e-09,95.4098869518309,0.113479817340457,1.91434285894169,1.9453100153593
"97",388432.79368868,571658.001950416,0.544000251580337,0.407013630632709,49495.9855990679,6646.94564446006,1929.37432859932,12118.7863649937,4.50324339725959e-09,75.0851788787072,0.36842617948229,1.99491453721419,1.3207000042636
"98",405188.341088898,679638.795896759,0.589565398046295,0.334392800938818,14392.3095716895,1379.46671499501,4764.92991959932,12125.4494396508,3.59159032130215e-09,100.510676202888,0.125943689399858,1.30069901262508,1.53101372483462
"99",388346.13628437,686787.510848718,0.571125521772569,0.365893945816817,8923.32769091914,5531.33335432442,1577.45909835901,12129.3887827545,3.54914186994264e-09,104.483809601304,0.443910936240353,1.29572907828628,1.82895187232764
"100",384053.111321764,664294.640823835,0.515432381537827,0.440814537166044,22542.6034698312,5354.8975064702,9456.14762563,12120.8345602266,3.95989906233231e-09,81.806228633223,0.299600477038225,1.79042449552497,1.44677644591273
"101",405175.302053651,679571.567805482,0.589451869028799,0.334435898608875,14396.8514077168,1381.53104447684,4763.88938088733,12125.0692879891,5.38017117961289e-09,100.506049240651,0.125990901379197,1.30055311999341,1.53117201660241
"102",401777.102599952,537541.761482869,0.584839496580109,0.345265418784509,67160.8782276262,4473.89775182677,7110.79982231995,12130.2919953334,3.67846501830922e-09,113.608502209045,0.246078194946175,0.807767823813323,1.14993375350538
"103",378258.42279655,619380.18375718,0.611541641262986,0.308571729521399,37933.4852277788,6389.07434166413,9097.8092183471,12133.1791984835,2.95039652393633e-09,97.6439387126495,0.284525148489178,1.0533962906882,1.80170086784978
"104",382857.889372599,576507.548063721,0.4152393351476,0.55317581949435,47496.7769033384,7230.06465017451,8124.69467786574,12095.1406222054,2.03846596524614e-09,134.790126617853,0.097299678631238,1.34656108109758,1.83973680593137
"105",414385.074064887,629403.25538233,0.586323688743951,0.34722465356925,38082.7354856291,7564.81943133864,3518.33358146256,12122.1172905664,3.2571487090207e-09,100.494969121297,0.126,1.30109595974778,1.5304357282777
"106",389527.701496887,597535.555895051,0.56319941614006,0.379207087385333,38901.4184769869,7647.71522091645,12025.0051039496,12124.3284441973,3.60201977778906e-09,124.510340737066,0.224883905595508,0.864353610545605,1.68156643427901
"107",383023.537877726,577341.128795059,0.416206326945547,0.55317581949435,47509.6400752125,7220.40889811843,8127.10618016602,12114.0348435417,3.93461325639059e-09,134.86637997155,0.0974154852854596,1.35015786733418,1.84004250406727
"108",400261.16443027,578914.933993532,0.566584243650178,0.371597193842766,61407.3714566125,5998.44283722688,2140.8002650195,12125.9589693605,3.49172419163637e-09,100.508196948562,0.125998667014944,1.30056813115779,1.5311383568316
"109",402700.02773353,592649.753032382,0.578023684247819,0.358772156707322,44963.5918945546,4552.15425390905,2265.67476537907,12120.4064454166,3.44008393300032e-09,84.0284495066726,0.321770592145666,1.80650003851234,1.69310550858755
"110",393974.457200029,523505.894527556,0.571876933901181,0.368597537975541,76269.0269973786,9924.3921101856,2663.55845599658,12118.1979234312,3.31339393094365e-09,98.4785509607703,0.254582388559585,1.28427964241909,1.9907076758995
"111",424397.725039454,619042.201471461,0.599837613125894,0.32516160570877,37225.4668424489,1873.10439753232,3958.93892527273,12115.9480692917,3.51970909682624e-09,121.368744504221,0.13528402125017,0.873890501787992,1.06132203127098
"112",406310.101767242,567150.187902678,0.601378772224041,0.323873371504009,54116.4881082742,2039.78082073333,4652.72541085679,12120.8906482656,3.58061896993294e-09,104.457551806897,0.443621799929192,1.29701886321479,1.82848405518809
"113",389807.06968984,689456.364930976,0.544666203203355,0.404460609613239,9300.59506138106,8226.55876298212,2168.70170575536,12126.0341278562,3.07832124871658e-09,119.741505983191,0.0701200594736634,1.6209967076218,1.46478116554791
"114",388205.75864246,629570.562712016,0.568679427731007,0.365591783958349,21644.9963026557,1692.30160027627,3274.43023073575,12125.3344501133,3.49822747219257e-09,100.360452745932,0.435777020376653,1.02039725892209,1.73613474669773
"115",414293.510541289,629271.764548878,0.5862416787432,0.347215821287494,38086.6011321354,7566.43094181716,3512.8865776001,12121.0027378584,5.39681749951722e-09,100.494969121297,0.126,1.30109596140642,1.53079329011516
"116",398430.256775695,622603.479840742,0.472673303927591,0.489961626615269,37181.5015683174,7239.13672097492,7934.18918903076,12126.3306927374,2.75506257666051e-09,100.3502606274,0.4358,1.02058525750821,1.73496189703575
"117",400145.211482341,686614.156966838,0.424793523220667,0.51809712909903,8103.60452234127,6603.34847269774,6699.47745711609,12124.461670948,4.27199805802666e-09,105.317957017198,0.147201652522204,1.30349804348534,1.60740979891774
"118",408993.920947235,516171.166041724,0.538613258228842,0.413285057798536,79876.0128253028,1796.24604208472,3494.57821301991,12121.7648004288,3.21444742566376e-09,90.2057,0.309677719480872,1.1099,1.18047101724168
"119",387380.903038553,620836.433151902,0.571877887135196,0.368570791542474,24905.0548172287,9178.3547663331,1143.54120071497,12124.4348094146,3.46551651547808e-09,86.5603,0.170877777509167,1.35603396930509,1.07923556423247
"120",402899.789667212,592786.475209039,0.578159563233298,0.358772003158133,44955.461431553,4536.61156503064,2275.021200487,12122.4225809976,3.43787559745608e-09,84.8746007108699,0.319283045371871,1.80043660205648,1.69266855053743
"121",388335.179020355,674689.682332386,0.567854926050149,0.371590379760124,12705.1919312306,2410.88310144924,3341.92373666525,12127.1834541407,3.73961976704425e-09,121.351998226516,0.135301809673937,0.873890528820199,1.06090334878353
"122",402239.543901369,600260.051725342,0.447002312086888,0.49285665735832,38917.0750601553,8590.77532325868,4227.81192771041,12123.1152373082,3.08424851103291e-09,104.427318869402,0.443986730450808,1.29709768318133,1.82537854811318
"123",421132.624155843,569037.367269515,0.514977180737242,0.436836358226901,55825.6888271287,7003.50199387321,4441.90227581856,12130.0515183446,4.09505536542562e-09,105.317957017198,0.147201652522204,1.30349802966508,1.60740979891774
"124",395577.506024295,569679.039542497,0.603652941927635,0.32258954827086,42714.6803618779,2568.1494875874,1044.3751464925,12125.0209639374,3.44594798650272e-09,113.6044,0.2461,0.8083,1.14970038744602
"125",425381.39867874,523956.401367545,0.533728712276056,0.415269364487737,64659.2633713289,1103.93256232805,989.454467993771,12133.6457026933,3.20837009752804e-09,81.8872806593398,0.299176998804874,1.78806528062306,1.44781823490323
"126",375052.148091801,538023.771330005,0.538695353889848,0.408763312123624,61638.583051856,5290.64337641315,12126.8129880722,12133.0494730462,4.29403917883813e-09,137.6197,0.0909,1.2973,1.8404000042636
"127",401954.103156426,536823.677452647,0.57194425753991,0.369091990545205,74180.8879781967,9107.64053366612,2649.54408062151,12124.3318189904,3.84697924443277e-09,75.0934530441969,0.368070589625785,1.99456160465125,1.32111112904727
"128",382255.743285825,637757.932129735,0.469599934699916,0.494687202201449,22654.7722498254,9832.08512662989,4770.63714810172,12125.158703072,5.52158710549580e-09,118.664731632954,0.141430191874952,0.908085039937707,1.06054805726526
"129",378814.49507815,653183.283085993,0.596653383942479,0.330227889154288,22778.5579257483,6417.54302301162,7126.97253945296,12112.2022060032,4.11910469147688e-09,104.493663417872,0.443692001406868,1.29559492337229,1.82859446040403
"130",412698.966586943,506172.04974893,0.600733571814014,0.325166564598358,80650.1336811963,6171.83524633892,5239.91688019644,12122.9419041071,2.23252588793483e-09,86.5603,0.170878240156352,1.3566,1.07923355739605
"131",388194.825811789,629482.898640646,0.568618785522972,0.365591782393991,21644.9963026557,1691.18548380824,3264.225728061,12124.968401641,3.82955537435826e-09,100.3502606274,0.435841992165912,1.02058606764956,1.73616615030463
"132",382895.662814764,529650.303486701,0.531712072224829,0.421183398010398,61500.6652056403,3856.15485488163,8247.11319792566,12123.7171014838,3.69928952128768e-09,113.575675947451,0.246785352539291,0.809150983381791,1.1490881933021
"133",388561.669109035,571952.046247674,0.544097528079528,0.406999021975505,49408.9081275647,6635.54120986408,1950.15779016095,12121.4356774369,4.88665469583758e-09,75.0655316425587,0.368075341878837,1.99585649597229,1.32016675877098
"134",405200.238969039,679631.604571749,0.589542003192982,0.33440409899341,14393.4991484052,1380.00739463872,4764.13514699742,12126.0868706198,2.97386489914773e-09,100.513469140274,0.126,1.30064075284742,1.53105508966955
"135",399360.739660172,609329.361030838,0.523329896941008,0.429145210299367,35741.1095966313,8889.24934445599,3416.19341048258,12127.5622173258,2.53535832779062e-09,76.1224094570443,0.304970552481494,1.70442109936455,1.56283752179817
"136",374084.249271872,571448.613314527,0.556223805790205,0.389846925046749,49829.4292305244,8517.04322328517,3703.84300596443,12125.2981692676,3.55431496463025e-09,120.51397319129,0.138717517914616,0.883757549479228,1.06054805726526
"137",408362.586262721,680544.875740177,0.61523730045182,0.287904515752838,16713.288219891,7889.89983982541,695.375241178474,12120.7782338459,3.04178738764211e-09,100.5011026718,0.126,1.30128255439828,1.53043617779017
"138",413449.259016402,502200.780737629,0.494866643652065,0.462070846715961,72665.7619498918,7421.70129270613,2571.66844796444,12123.6452296954,3.2364047821005e-09,124.513069706097,0.224927976038362,0.86434482233389,1.68154250406727
"139",378640.300022927,518718.73932726,0.558808662847755,0.382025793751981,71894.7430365894,5374.1033210726,2329.59949510284,12135.387458498,4.94690310622175e-09,137.626464063692,0.0908798893480943,1.29674097427824,1.84086692877537
"140",399500.418447034,609426.290803519,0.523490499076863,0.429070512165395,35722.5397918957,8880.51273725492,3414.57889832056,12127.9244319213,4.40016820278295e-09,76.1036387126495,0.305324210004094,1.70519628851213,1.56240169241752
"141",396210.882750495,656263.561668919,0.544823016801685,0.404590258966395,19762.8676908178,5072.4025961147,8978.57994750938,12131.3352919607,4.08699330808178e-09,78.4683554876046,0.200823083847188,1.89108926902981,1.30125143975538
"142",399719.678058114,493450.886845126,0.621389986461749,0.293974402855652,74304.7910442023,9402.24971509518,3850.55388065524,12124.0331887744,4.89483949120154e-09,84.0480252133408,0.321771417399039,1.80611493235501,1.69346188410761
"143",405098.872123687,577576.257615093,0.581553518067136,0.354323115105433,54420.8999054281,3012.88848199529,2581.55618672921,12132.0703893029,4.16223256408006e-09,78.468332145395,0.200823079430174,1.89108975468437,1.30125143975538
"144",377307.249418062,637942.824121805,0.586332731591683,0.339755290953446,24480.8631132838,5214.92276674291,1933.88768221761,12121.5578956091,3.80909165852857e-09,78.4685866733899,0.200822980451597,1.89108868537614,1.30125143975538
"145",424292.624280375,525448.368432639,0.621829909886019,0.290181460952208,71045.6897706768,1289.26737905009,2293.69739086487,12130.4029181358,3.51979483540332e-09,105.32941182473,0.147179372297313,1.30293187464618,1.60784569368661
"146",390033.441030819,653454.715758847,0.619134809704666,0.284311097700715,19975.283444178,4519.98727213037,5168.21493611369,12117.3654323785,2.80489080858736e-09,100.494969121297,0.125943534182734,1.30109577847799,1.53043573136267
"147",391296.025582265,541464.325922884,0.461068352087187,0.497108175667448,49432.152368757,5438.47042206501,1020.72730689894,12125.1385833229,3.50034288523718e-09,104.409222576296,0.444034919804741,1.29741514109686,1.82828647591823
"148",399500.47341818,609427.775989417,0.523491598925807,0.429070512165395,35722.5397918957,8880.49380044892,3414.57889832056,12127.944413926,3.67838588156752e-09,76.1036281534179,0.305324248693202,1.70519668840814,1.56240167611198
"149",388367.901912964,686750.894070201,0.571163874948926,0.365825961726193,8946.94760917337,5530.81454448822,1577.29822470253,12128.6636244261,3.99024010880411e-09,104.47272806494,0.443944606790262,1.29587634488343,1.82893168052183
"150",384060.952813576,664330.018219497,0.515316664339491,0.440828017009518,22521.2942393648,5355.33121747298,9456.14762563,12122.4098660664,3.95989906233231e-09,81.8050380459211,0.29954453664909,1.79039400301871,1.44652396099872
"151",394811.754934086,516472.173698865,0.524344157477355,0.429084586452739,70984.8210967924,7655.69760133353,4820.83582400468,12120.1847956814,3.17414506217378e-09,97.6627161856044,0.284171460957933,1.05262085806425,1.8000003997785
"152",375093.475732975,538097.398297795,0.538841279468567,0.40874030710537,61624.0848785629,5289.35303089972,12123.7008533498,12134.514740433,4.18580186675328e-09,137.599631312401,0.0914060245684389,1.29754669416982,1.84009665292401
"153",394019.723280388,523600.935427907,0.571881695256991,0.368597536341326,76263.0249906951,9926.21477159287,2663.58306173599,12118.8945571136,3.37990627883086e-09,98.4788407602477,0.254586066888001,1.28469695166897,1.99071197881571
"154",408993.8837924,516172.048611541,0.538614861733542,0.413264295786411,79884.6980954025,1797.62119663044,3495.26084764867,12122.6951312578,2.96871026936264e-09,90.205309712578,0.309699506542649,1.1098942998309,1.18051673127012
"155",398425.119211145,622555.262495249,0.472701881469168,0.489961661888584,37185.8919831662,7239.13672097492,7932.15262659846,12126.2404680571,3.31499775396361e-09,100.3502606274,0.4358,1.02058588601287,1.73568213326873
"156",408375.350803768,622574.671237267,0.586845483746666,0.348785903725889,32556.6773281843,5455.28914911573,10504.1138640692,12118.8504841107,3.43912805276467e-09,90.2057,0.309677719480872,1.1099,1.18093581594327
"157",391560.864388379,557131.716094815,0.541829780119406,0.407557255559354,54541.5384234851,6475.33683547467,3503.00543751401,12131.3755486442,4.40624972552016e-09,84.048037360891,0.321771538495642,1.80611460286299,1.6934620111169
"158",401417.936425745,530293.375755137,0.547803444671549,0.398427986336923,70300.7985819726,8097.75560184427,9814.96557719946,12130.0176839409,4.04561712791149e-09,76.1224175692043,0.304970582015256,1.70442085083992,1.5628376183837
"159",394951.717427823,516570.383838159,0.524506453476786,0.429009204082726,70966.3110643968,7646.86067422348,4819.2149618141,12120.1754540904,3.50189921906605e-09,97.6438448258643,0.284524603174164,1.05339115267786,1.80168231484982
"160",421073.228562592,568940.392985085,0.514816515547913,0.436911081501425,55844.2614781123,7008.49594959624,4443.51663343635,12129.608609522,4.03505623924610e-09,105.32941182473,0.147179372297313,1.30293196976674,1.60784569368661
"161",420034.554299153,656281.38031736,0.590867144854995,0.34035163316197,20749.1688454542,1784.26410579359,4201.05958293751,12130.0607716019,4.3011167446353e-09,75.0753261591991,0.368427710521839,1.99493468889446,1.3206999985335
"162",399769.617944262,493543.456763262,0.621513437112015,0.293935780859686,74303.1158186817,9401.74278952268,3850.74033978354,12124.1868389003,4.20349824687406e-09,84.038028198439,0.321779701745812,1.80648608275697,1.69329187936806
"163",397354.888411733,566388.82498935,0.550710958537985,0.397681528836124,56616.9334964484,4721.11106529003,5357.90397011136,12128.2970301193,3.65595291573731e-09,76.1223999823059,0.304970555055358,1.70442145715387,1.56283738110986
"164",391254.384942845,541332.434758276,0.460903735895635,0.497131413866067,49450.7091976155,5439.75276724264,1022.34424746723,12124.1104617402,3.24012143773181e-09,104.427318869402,0.443975687882718,1.29709766318525,1.82859446040403
"165",402239.498540801,600317.96410721,0.44708735561097,0.492858557621924,38918.8943807294,8590.50862619397,4227.73390006273,12123.2948863723,4.24359233199427e-09,104.4271,0.443990548230423,1.2971,1.82551116390714
"166",396210.737146995,656263.561668919,0.544823016947027,0.404590258966395,19762.8676908178,5072.4025961147,8978.57994750938,12131.331399023,4.08699201646247e-09,78.4683554876046,0.200822959658709,1.89108868418192,1.30125143975538
"167",392624.140788706,534482.968950332,0.568372088549851,0.374367057891233,62411.1559303328,1902.35757919064,8300.86597482831,12110.1305049181,2.71905208531602e-09,98.5490670922345,0.25400024211841,1.2783971740241,1.99172555605702
"168",402253.848392334,600318.5875987,0.447146522799808,0.492833534516725,38917.0537542604,8590.77710974227,4228.48257071,12123.7658043398,3.08464536090599e-09,104.427318869402,0.443997732973085,1.29709764945722,1.82547817702292
"169",388139.418754609,629423.989179254,0.568333414590721,0.365845928746327,21658.3878825715,1694.36451822568,3294.95238239228,12124.8719264571,3.82766649270152e-09,100.39792052825,0.435391247288651,1.01963846645421,1.7359901549499
"170",402298.842397744,600363.578379944,0.447227830286064,0.492858557621924,38919.7899320346,8590.8316912875,4228.6445316891,12124.5392098012,5.05256089049289e-09,104.4271,0.444016417764051,1.29726356170432,1.82555956984714
"171",388603.309199593,572023.365790669,0.544437738618873,0.406747032214412,49414.8062693623,6635.03747026049,1922.29257754016,12121.6032483272,2.68334507147891e-09,75.0353,0.368530814346998,1.99649584844965,1.32012372823817
"172",395150.086955131,516834.375029422,0.524813091101459,0.428994822469571,70953.3391424084,7635.46181517848,4817.41977592281,12123.4759252018,3.17790529011961e-09,97.6029119908796,0.284628498317996,1.05490056401842,1.79956185789692
"173",382262.077821451,637198.097128473,0.469246701994726,0.494649548197138,22645.9052610482,9831.85484600414,4768.98008587556,12118.1815779659,2.88481798519483e-09,118.662231496274,0.141430447016715,0.907503117419835,1.06033554969957
"174",396796.496615449,548160.901321262,0.5905778800063,0.341110716312035,60126.4605249977,2924.42034024289,4188.17719665372,12122.2005102336,2.85086032311005e-09,165.1396,0.2935,0.4716,1.06003581594327
"175",388121.865194183,629353.146819769,0.568374176269844,0.365665979937471,21663.5143850226,1696.15407039956,3265.84417299133,12123.2126818254,3.83409648429351e-09,100.361715616669,0.435778164916143,1.02002111993793,1.73678160846872
"176",387487.347378949,532774.928372959,0.545381174503826,0.402472639094898,66236.1308295437,8297.89420143957,1246.31448499567,12113.1156897902,4.06128249071418e-09,81.8164917493049,0.299578244115562,1.78982820945991,1.44712174500212
"177",383924.323571741,663964.116261155,0.515269372354281,0.440791920838316,22570.3775112674,5356.61532643657,9454.35582438896,12119.1276580402,2.07456748708943e-09,81.8050380459211,0.299600477038225,1.79039400301871,1.44681403830399
"178",402275.251365586,600318.5875987,0.447214974028556,0.49285665735832,38920.330682858,8592.06084130423,4228.36812694351,12123.3851103754,3.08441872506429e-09,104.427318869402,0.444028409282215,1.29709764645755,1.82553556774567
"179",402699.977557204,592726.432942745,0.578110162096031,0.358772003158133,44956.3412957124,4550.88274024823,2266.47264941859,12122.2550179834,3.17266551452836e-09,84.0309493886653,0.32180320086093,1.80649363890388,1.69302486912206
"180",401991.362477768,536884.257013815,0.572045367253797,0.369054490885405,74176.9518092649,9108.37527187271,2649.76274889558,12124.8857709161,3.84663788148178e-09,75.0830092133205,0.368069369077804,1.99450832469287,1.32092668693212
"181",402648.659260982,592575.603984836,0.577920252969577,0.358844366316546,44973.7836181086,4551.43145197168,2265.19253075554,12120.8775255304,3.08655057780081e-09,84.0484181102969,0.32178972825701,1.80613667386338,1.69345261535898
"182",390346.190539031,653514.768218627,0.619539755234192,0.284344964372017,19979.6877396057,4519.39582507391,5162.78680241156,12120.752817279,3.62686481463963e-09,100.494969121297,0.126116541823603,1.30248801145117,1.53080514080989
"183",397354.805411122,566388.714628344,0.550710783612871,0.397681593718324,56616.940335136,4721.11106529003,5357.90346874092,12128.6727138845,3.65595924928898e-09,76.122416038308,0.304971159103735,1.70442085083992,1.56283761952191
"184",375093.788182359,538101.127179822,0.538841698376765,0.408740201788367,61625.4983179476,5289.35988872283,12124.3953299143,12134.5151949678,4.29681944266421e-09,137.600698436094,0.0914458432421122,1.29754482233389,1.84004250406727
"185",413395.802587166,502194.150376215,0.494862409019606,0.462017676871945,72623.3571325416,7423.28522999852,2567.31742626259,12123.4185807903,3.23868266107576e-09,124.519750037075,0.224432827014136,0.864108792120494,1.68177854415714
"186",407910.487131723,578807.591948241,0.549701244075129,0.395764140475219,38729.315620551,1655.29890517553,12612.5241571853,12124.6810879828,4.08114326522963e-09,105.3291543169,0.147177719480872,1.30293396602634,1.6078495377713
"187",374183.248071045,571498.104130254,0.556262119537092,0.389866514225928,49830.7561278366,8511.82902236346,3704.10173680703,12125.3726818217,3.5577897351479e-09,120.202220615134,0.139142686888181,0.887801343683794,1.06054805726526
"188",378874.067610586,653338.264573082,0.596948908724266,0.329924509335415,22747.557690042,6414.60954729611,7052.97431372774,12113.7520080885,4.12195970308379e-09,104.427318869402,0.443941429017047,1.29709792611776,1.82765443838004
"189",400145.211482341,686614.156951481,0.42479352320975,0.51809712909903,8103.60452234127,6603.34847269774,6699.47745711609,12124.461670898,4.27199805802666e-09,105.317957017198,0.147201652522204,1.30349804406358,1.60740979891774
"190",378691.291179567,518781.285913755,0.558953406540651,0.381957435329813,71879.0820075788,5369.41533119732,2327.67206615826,12134.2767535079,3.32368962887695e-09,137.6197,0.0909,1.2973,1.8404000042636
"191",424589.143692362,619198.967945637,0.600096436151436,0.325164689870964,37210.8779956954,1871.39110529283,3960.00852089362,12120.0891414468,5.06592610341002e-09,121.368744504221,0.135372234490276,0.874312807513588,1.06090307937584
"192",374102.662979473,571425.01246852,0.556198387699479,0.389880357470502,49830.4926327839,8512.77807214463,3704.09520782598,12124.7179420457,2.88176928659098e-09,120.207901560039,0.138992129000081,0.887034929912332,1.06064250406727
"193",396796.496615449,547993.457960383,0.590408169596567,0.341151212445022,60154.8185132448,2924.42034024289,4191.56680271684,12121.816325093,2.70868444194271e-09,165.1396,0.293477757494213,0.4716,1.06003304923571
"194",404137.745232042,536676.068044983,0.51517967838795,0.441145553280057,68586.8690472629,3087.37833298314,5753.32371335614,12129.3354303372,4.79030659854869e-09,81.862123649985,0.299171391256291,1.78821656779268,1.44787469372816
"195",382239.193435366,637479.011575564,0.469557893106244,0.494659322266742,22654.7359140742,9832.34291880892,4770.50103226753,12123.7304719828,2.88465235334366e-09,118.664477180629,0.141421939145474,0.906710299077981,1.06064250406727
"196",378691.02614918,518777.16284621,0.558955829137729,0.381957379459878,71876.83703158,5369.41171554169,2327.93658596681,12135.3432182623,3.32370187928757e-09,137.617648449588,0.0908968256912524,1.2973018757447,1.84045422127916
"197",382868.973214593,529611.246401502,0.531712072224829,0.421230987852996,61513.7646535018,3857.28728270785,8249.5334585687,12123.4903855546,3.0059450717592e-09,113.597696514596,0.246159501445605,0.808544875855023,1.14933000259794
"198",402113.251344577,536661.237962163,0.571871236729252,0.369223151616271,74251.8613483049,9098.27019009292,2655.16907936114,12124.0235872044,3.84797164334472e-09,75.0692153734404,0.368443529325647,1.99516528483924,1.32067864498499
"199",399360.705416957,609329.31579449,0.523329825240201,0.429145236894211,35741.1123997703,8889.24934445599,3416.19357127583,12127.4789659374,3.6774806008259e-09,76.122449003065,0.304970554778878,1.70442075860097,1.56283761253494
"200",383029.176475053,529721.328570479,0.531822613995931,0.421149802881951,61500.6645864324,3842.89789824852,8247.11389597034,12125.0398482892,3.01837066165280e-09,112.398528628158,0.251013524043791,0.822301382442945,1.14909088479047
